Synthetic_ID	SYNTH_PROT_00	SYNTH_PROT_01	SYNTH_PROT_02	SYNTH_PROT_03	SYNTH_PROT_04	SYNTH_PROT_05	SYNTH_PROT_06	SYNTH_PROT_07	SYNTH_PROT_08	SYNTH_PROT_09	SYNTH_PROT_10	SYNTH_PROT_11
SYNTHETIC_0001	-0.32173911389664717	0.6997658439646969	-0.6491445316747567	1.0958364112374253	-0.23213713617834947	-0.5619228445074002	-0.3113859941257602	0.3202209122542249	0.905772083548518	-0.6117052492378634	0.2286471017691641	0.655735282693272
SYNTHETIC_0002	1.6481581445691784	0.07212753924372799	0.2724155644248772	-0.7968010667554619	-0.1519995940949252	-0.15407232428474743	0.9690562943178083	-0.7302310003521306	-0.6139704298735098	-1.8151515594171033	-0.7831478677221232	-0.8311405349659535
SYNTHETIC_0003	-1.2939810048632845	-0.7832641386703665	1.6110884245767136	-0.39648559964180496	-1.0893399165799824	-0.8296666833594275	-0.4021778570423552	-1.0373262926269697	0.8688805319348732	2.160686828347782	-1.3477652387174521	-0.8208057238855857
SYNTHETIC_0004	1.4124800125682797	0.40242239760329834	-0.45821409688204245	-0.5304739618622183	-0.5167890691396074	-0.5849934826309509	1.8623366482085195	0.9407579532163812	0.01277631847354967	-0.14469148640212937	1.4731315433959848	-1.6268854562628199
SYNTHETIC_0005	0.7791969893424939	-1.2702087475270496	0.7164193628656774	0.12020032535055669	0.6568190519745732	-0.40972312318074755	0.2990683500422034	0.5471867120117009	1.8800221860819726	0.9555431422512591	0.28371526130629554	0.3635652626714389
SYNTHETIC_0006	1.7837771391823791	-0.2084194773627778	-0.2110226241116047	-0.9637568024702275	0.5741519633172061	-0.013604747742264157	-1.7854748641926956	-1.1436607599353332	0.5082940476085805	1.7364712252874277	0.3888512125633272	0.3878458040697333
SYNTHETIC_0007	0.6033023226014678	-0.45988205051915987	-1.0536905199537627	-0.4707144011697285	0.3105231439025878	0.6680761974160848	1.3611645049836474	0.27438371040341264	-2.47597877665147	-2.6724164992319683	0.8141002714315707	-0.3022942234918533
SYNTHETIC_0008	-0.8119861903725341	0.23799424730328844	-1.664744803876328	-0.06479975234216244	1.640140891520687	-1.2475654926117723	-0.3801306394274252	0.1820832184969926	-0.2520300022699145	-0.22098992950755053	-1.2593410294094325	0.4488782418355688
SYNTHETIC_0009	-0.32515446316715607	0.5439576078397852	0.15012051562267698	-0.28232881568500023	0.18697174742665493	0.08797905547671638	1.281495248128611	1.3578280321221459	-2.088226175455633	-0.37331862134301297	0.292765915709557	1.0546965385709268
SYNTHETIC_0010	0.6504064809645919	1.115190415526437	-0.6943969289366453	0.8649119492083932	-0.4910350690939875	0.026160382440035095	0.2555980869723318	-0.11992714445484652	-0.386567228400993	-2.5059287259415113	-0.11985298672438283	-0.08022697242502265
SYNTHETIC_0011	-0.411806679637159	0.7903983331302694	1.1479723594759104	-0.5590623763262859	0.05863888178591297	0.9430096430952589	2.1831845159013623	0.42890046855588215	0.743164018908027	1.1992349371540443	-1.0481453398443314	0.9525300203423823
SYNTHETIC_0012	-0.9206397551677719	1.1076475995363753	-0.9161991290681518	0.13585328497992652	0.4938138462576963	0.5317454205655262	0.670138152764547	0.4672272788158908	-1.3202451234663748	0.6802657693405125	1.1439911702365357	-0.04388517182179103
SYNTHETIC_0013	-1.1538907228295634	-0.8364394815117508	-0.493672676267543	-0.7527313321633808	0.05504184454011982	-1.5604550817179537	0.9680177830853864	-0.8195563268615822	2.436256975102029	-0.9485851596094029	1.4037510009466379	1.3366457023923577
SYNTHETIC_0014	-0.7088790315453124	-0.49165152819458546	-0.42831819083399725	0.04793913704422934	-1.2576026549768964	0.31539184628916367	-1.2976206767267449	-0.6781479390783056	0.3157723941168868	1.3049828193535826	1.408393237249642	-0.1329752077845784
SYNTHETIC_0015	0.5801094236568549	-0.1500181827892597	0.14818600964345013	-0.5830387527236459	0.1577075660791594	-0.6678391033918384	0.11178042174570987	-0.5082594545911137	2.705557318528947	-0.32188554947939413	-0.598916825917451	0.020244705864315832
SYNTHETIC_0016	-1.2567833791266911	-0.10234891200756725	-0.6755281188453457	0.6711203084117177	-1.8759229832608775	0.4070892539886999	1.694863171697016	-0.30455286618743704	1.3004156712389687	1.645045733963625	0.9242528953290379	0.3670380951178454
SYNTHETIC_0017	1.064996955678134	-0.9742336903880361	-1.784453774265894	0.1582331192206838	1.7098801066751368	-0.6167291064074296	1.2211811329759255	0.2036732259596801	2.7710525984491063	-0.6350094668397	1.498342657195621	-0.822478039504272
SYNTHETIC_0018	0.13930397093494418	-0.5766267149105434	-1.6190029552908278	0.24768565780135254	-1.4849091752168067	-0.9893968015222968	0.5868167432539799	0.026594412755350738	1.526432277859772	2.680020547138614	1.1698021327140191	0.14853804429931253
SYNTHETIC_0019	0.06707716464853108	0.6768624868629662	1.120424609112852	0.22230948043014895	1.2392621440576423	0.9270043190524623	-0.7937719052529766	-0.22307840754114475	-0.03651744002429598	-0.8104636059764097	-1.34919609587916	-1.4217694030341894
SYNTHETIC_0020	-1.3505124508619004	0.8927850723074273	0.8380786816232879	0.7153082076280817	0.8426963030723706	-0.8868611332269429	1.537961685303576	-1.1838895488932875	-1.088566803699697	0.8573012345005067	-1.3774943642971085	1.330328405607103
SYNTHETIC_0021	1.0120605617826186	0.17683594871915378	-0.09539483993246116	-1.4282295529904958	-1.235479472319132	1.0454555255135298	0.8395769642787646	1.069555076261931	-0.8024859239049963	0.7628317662333686	0.9311918702386438	-0.4201966639089221
SYNTHETIC_0022	0.9218531760188611	1.023313406845611	1.9367956066879721	0.7013680868145951	1.1068835998174549	0.7458449913162929	0.6378677630183704	0.2742832063824972	-0.9235593141884616	0.5110514813444433	-0.028959195499887885	0.4408439908421235
SYNTHETIC_0023	0.77880532029122	-0.9520527743192022	-1.25234349221178	-0.6765171557315931	0.25894303002255287	0.7865632732342883	0.01737576722408703	-1.0775524992649101	-0.3118041508191693	1.2518663743420089	-0.28013667002220355	2.2032293297391585
SYNTHETIC_0024	0.4848476912596094	0.7403598865873716	1.266920662159057	-0.27909299137472354	0.9035070939794136	1.2740017095744323	0.22593153137873434	-0.9823598251801934	-1.3988512868997107	-1.6473198426020907	-0.6639163812146763	0.13511402826119798
SYNTHETIC_0025	0.7195132228026354	0.7369163004951779	-2.6940883580041555	1.4621346812431009	-1.5423024727020884	0.583227648286309	-0.7836612745226447	0.5662578540362224	-0.3877889571629467	0.3200846954166044	-0.21348200005205192	0.23135428807550848
SYNTHETIC_0026	-2.1045165866544924	-0.002746062633670075	2.622035212449946	-0.5733556155553766	-1.2282741103156343	0.4562913425482765	1.6059636560098118	0.3545574012841379	1.4489434830705443	0.3009576903312625	0.8038530477102779	0.21473976098621753
SYNTHETIC_0027	-1.1224015117995827	0.8002535590927005	0.8016127334318578	1.1056959824411443	-1.3935545612678912	0.457629305102941	0.5735026573870874	-1.5119567500698092	0.9583488241983069	0.1639773950025523	0.6111244768999949	0.730115034877989
SYNTHETIC_0028	0.025505499957084843	0.41893386548238115	-0.2876281232736605	0.09331864644282897	1.3442308765666822	0.6269593015821543	1.2411413544096035	0.5457026117560715	-0.5251793761441532	0.990140798207727	-0.2213019942901844	-0.5090639757981202
SYNTHETIC_0029	2.037801569463716	0.0568754731279965	0.7020000948683108	-0.1690805414410716	0.2531349357534403	0.16724395067501405	0.4408010245194843	-0.16255391187553483	-0.055143002565330265	0.3504157178486461	-0.401424259788416	-0.5415048757505196
SYNTHETIC_0030	-1.5868482314194345	1.2218803663106204	0.7301343183236051	-0.43900263362947173	1.7351655120531706	0.8828266700172159	-0.08298670370685064	2.291234457901603	1.4725190004895001	-0.2710947264219342	-0.09861532708554041	-2.0550895494668504
SYNTHETIC_0031	1.0832350037447678	-1.2858152421044646	-1.0112557287457709	0.4133702560119912	0.37520294177796676	-0.36865061546241984	1.2161519060641086	0.4050404256354417	-1.6241468293304195	-0.06795129100454245	-1.0865917827456018	-0.1429891564355316
SYNTHETIC_0032	1.0199307530033725	1.8247129629183148	0.3759733454449321	0.19760887639660699	0.690757726950138	0.6703383556310936	0.1799516439727673	0.7844306126364373	0.1235590380637468	0.06495188789050216	-0.14028639505486024	-0.8767729822173088
SYNTHETIC_0033	0.5661832723055589	-0.0867181782591047	1.4651143826701292	0.27623916092647466	1.0510732132211975	-1.0108107959701784	0.22882591823140574	0.13426537163441932	-1.3178310840136676	0.21768849120550576	-0.347970977762873	-2.168769528325074
SYNTHETIC_0034	-1.4956963501940845	0.3568958089542528	1.400844352863863	-1.0807441202824744	-0.6110107999642076	0.37900483577083455	0.21644557452285781	0.6927576278728358	-0.4301706983212766	-0.2019739598084136	-0.4066835454439854	0.44927658128879355
SYNTHETIC_0035	-0.31773610168572397	0.24135617959422512	-0.32963886734274667	-0.5418203787550627	1.5650320825183868	1.6745675863886162	-0.02090061990243318	-2.3624526001952746	0.3249930380943802	-0.28084453614494836	-2.163547523230001	0.1803088295422501
SYNTHETIC_0036	-1.061383643284808	0.6219348885228877	2.9179447168339547	-0.5004730490504357	-0.417241968235316	0.6532931017790469	-0.11082576750403116	-0.4115799508253385	1.0715611616168852	-0.13234105290885775	0.4631076610859548	0.11853108142711735
SYNTHETIC_0037	0.5269982765824834	-0.8902827030672568	0.8910540549481472	2.238531013823133	-0.8362645538949977	0.5954554336079282	0.05336549801234799	-1.2094705739412566	0.9173310173828083	0.9291286153987859	-0.7260776891676445	-0.6031450940808849
SYNTHETIC_0038	-0.3841482984720285	0.05815034093776147	0.32086934093294933	-0.15924595493591714	0.43054018174550596	-0.49105610701835634	-0.47066338692899234	1.6289928702662333	-1.1128778601433948	1.450718879983483	-1.0788890665567044	-0.17014499761538734
SYNTHETIC_0039	-0.6182579754250752	-0.5752280600987612	0.5282545216492984	0.8717732426073769	-0.7903841129145281	0.20787205553006982	0.6254859743807991	0.7261008353386438	0.17518467466895676	-0.03959594448594757	1.9651983109115652	0.46187445677411365
SYNTHETIC_0040	0.33709422136541134	0.6834354005133562	0.9376917529863028	-1.6521685758719042	1.333840039042383	0.7420461956167603	-0.3134307057191925	-0.3785808434855767	-1.1636779104052126	0.8049965256726772	1.9053751476242566	-0.8213560427512434
SYNTHETIC_0041	0.8659080841295913	-1.623741731597296	0.2457493983541211	-1.30812719502555	0.8188098323564682	0.9026413020939763	0.7167159255324573	-0.5408637038275651	-0.9729727597136119	0.445768105271392	-1.6444276448408797	0.949830305433024
SYNTHETIC_0042	0.7534259481753175	-1.3251981247618956	0.710076383374873	1.7797611007680119	0.33284776250148057	0.4701339172063943	0.3182646540052886	2.168223577028934	-1.0966534759910727	0.44937609113421145	-1.0906577514708242	0.7399918717197705
SYNTHETIC_0043	1.1841436274626502	-0.8286450730893589	0.7897319366011751	-0.07040985012861617	0.5640987555277873	-1.7447210966580284	0.6138619486892454	0.3542029143985026	0.600879704300945	0.5835278695122749	-0.2668252425420632	-1.4430955875879945
SYNTHETIC_0044	-1.0829241858775687	0.19608393504025035	-0.19338165361669324	-2.0548276869820756	-0.7722713871159801	-1.594248600436859	-1.7621099518108958	1.2386039369028932	-0.7042444125854643	0.33013346527571114	-0.058881129540668556	-0.6789361287483772
SYNTHETIC_0045	0.509038161062367	-0.2882078170921239	-1.3968296842307637	-0.18671043444717664	0.38905598113411377	-1.0452330759821624	0.9487913418125575	0.5174738428687683	-0.897896379359258	-0.2326438964324928	0.34584608782256676	0.10795799105923634
SYNTHETIC_0046	-1.0609026095372234	-1.5228944822171693	-0.5271538346615029	0.05859825580268342	1.294910955376186	1.2763906659936455	0.5991738101535995	-0.38662629448883423	0.7389585243372059	0.6702459682715138	-0.04140132398837519	-0.2308453830271643
SYNTHETIC_0047	-0.46918189819011047	1.1243060897749682	1.4780592638788255	0.13199259507026154	-0.5142202825513845	0.9491635688683516	-0.2758690966099502	0.9750694148610104	0.68396437118127	1.269789846460526	-1.1121685924771385	0.2760178628255436
SYNTHETIC_0048	0.06107556776876999	0.7343896079215833	0.43885511100155705	-1.6467037587246913	1.6954036987241272	0.0008180130228528832	-0.489436607808917	-1.9001205612961352	-0.2702366239389001	-1.5550202216272793	0.7833673066665529	-1.0103309550321504
SYNTHETIC_0049	-1.0372584617561917	0.6155537323845431	1.1821456083117314	-0.6798420974103674	0.5840962414716603	1.0708732892068307	-0.850295905114875	-0.38702739983752593	-0.23154524232774942	-0.3896153019827658	1.6713859070662798	1.0552024623194352
SYNTHETIC_0050	0.31996367049595076	1.3483906791920146	0.8056945008426395	0.13398681850233896	-0.9718510422608523	-0.051456238499608384	1.1452092532063602	1.3580854362139496	0.2978100793622305	-0.9679176256070217	-0.7193082604766006	1.033192814922052
SYNTHETIC_0051	1.2669901125994019	1.2720157427782461	0.05912687299726259	0.6516251921682548	1.0829591796135427	-0.3175439995563247	0.8992540735691652	0.5229955944501234	0.5394013817824334	-0.7439409462361257	-0.47079591555769085	0.5836863090411782
SYNTHETIC_0052	1.0953692785773514	1.7166478992780119	0.0008056457233216158	0.603450763784574	0.7220521169865427	0.1284908240079706	-0.42090717532492805	1.183021589900387	-1.399778471106703	1.097050207209541	0.27460082082679826	1.0224717254129825
SYNTHETIC_0053	0.7265922682417726	0.23475331339455266	-1.4503770399323983	-0.4233360767919517	0.78176353909691	-0.9059569131786798	-0.25696882713759667	2.0743975118929336	-0.29862329565582846	0.6603320232954607	-0.49464025981172316	0.48663234336107947
SYNTHETIC_0054	-0.3757802847452594	1.0558691423966513	0.7645262146958174	1.0151427709854863	-0.2739330787869312	-1.3677599594741918	0.22040550421210403	-0.9365355594155225	0.2424876467287432	-0.7394473513100496	-0.5394205832016514	-2.7465412752133416
SYNTHETIC_0055	0.14901587626151297	-1.0503173336243201	-0.5822310425129461	-0.3040504200103813	-0.506569138318773	0.7919686567247035	-0.7510930594005435	-1.5950306416398947	-0.5675606842437667	1.3559311577432198	0.2991474249711349	0.24013203860612242
SYNTHETIC_0056	0.13878921890378892	0.4385901225383405	0.3048586937453359	-0.6053451857551935	1.4109754113605952	0.6089175320253484	0.7443873008441966	0.5117177369619089	0.7658187387511913	-0.03126669426532212	1.19982433800939	-0.9702750504190828
SYNTHETIC_0057	-1.3143346037389705	-1.1846886884700083	1.2064968405177157	-0.560717135553525	-0.42993620028863694	-0.8330085783287303	0.5249080758356313	-0.110323262652154	-1.424392880184989	0.06013221944664944	-0.14789954407254643	-0.18945114038950175
SYNTHETIC_0058	-1.4925112397065083	1.5708522407934091	-1.205271372414469	0.5258225598013989	0.8899924838410088	2.0028048199326487	1.6473128118519154	0.9187096013747408	0.5173145120778954	-1.0715740158010127	-1.0166964392009392	0.2758732590165964
SYNTHETIC_0059	-2.697790401868719	-1.3552331728839337	-1.122467244658679	-0.0047349054694302735	-0.027757509227559634	1.8997806123165615	0.8954637762917953	0.44870284229443114	-1.7471843775603575	0.1717035195217612	0.6531511552281962	1.336886479892417
SYNTHETIC_0060	0.09568373739764235	-0.9108675318369737	0.7754656656653288	-1.1011114415147896	0.2766254245874233	1.05824641723591	-0.73434960273243	-0.3759856154027753	-0.12357164840551059	-0.5731395613751543	0.8783090718998934	0.47825822842733073
SYNTHETIC_0061	-0.25984142075776445	0.06263186307038664	-0.023670913812287545	0.5957710639483295	0.24510915675162118	0.963455194761162	-0.5795014397857725	-0.42202914772348477	1.5961577906576991	-0.7689628598407388	0.6939816212925272	-0.159200122397708
SYNTHETIC_0062	-0.2453118176699396	-0.29177116027938277	-0.99042621950602	0.6967227181748736	-0.2799152419759752	0.8180190752146841	-0.7631682246533968	-1.3885362451823182	-2.0346088847314006	-0.8410134216899049	-0.6536614636820073	0.5959113558510161
SYNTHETIC_0063	-1.4687430275236437	-0.7261336898938429	-0.5505079341613397	-0.9604206757632563	-0.38918483766548323	-0.08744916870430632	-1.0695012720908328	0.5998423109292605	-0.9207754330771608	0.9962627547039884	1.4159393575836743	1.4033395238878204
SYNTHETIC_0064	-1.4177006871285873	0.4531149879629667	0.06462285603072043	1.7301265065788223	-0.8259077011216365	-1.739927985665421	1.3500792914989712	-0.19840180139661853	-0.5234047409026479	2.0858478820768687	-0.20334944652761916	-0.022986669730198167
SYNTHETIC_0065	0.9080266641595645	1.0188691594444925	-0.5198822020228608	1.1575819268548868	-0.4093793233285298	-0.3530880665174659	-0.919669643166599	0.7200995555991133	-1.172442225448881	-0.482202352231432	0.983183076954755	-0.9142439219537313
SYNTHETIC_0066	-0.6736946784811083	0.4106910995039974	0.364143956832913	-2.588582138059881	0.009970101511904134	-1.5176397830279733	-0.30035251894653553	-1.2286855412942401	-0.09682909557629617	-1.2141442968600422	0.17397328667607054	-1.7598830597135795
SYNTHETIC_0067	-1.4083483288823873	0.7563578867557699	0.15879106534142887	-0.3895184170476475	-1.1967106646469376	1.3591187630241985	-0.6675867207973154	-0.5284466395842771	1.0334551789994373	0.39278709050384886	-0.08780225256226906	0.3341093121399948
SYNTHETIC_0068	-0.8008386558824172	0.5858108681921753	2.01485435849877	-0.40865734922203145	0.9976195970634115	-0.5671664106430264	-0.015864620358548794	-0.4295277129175537	-0.07574155687843086	0.954493225262174	1.6842858420069715	0.6835516290295649
SYNTHETIC_0069	1.4119435162299707	-0.29545758549406054	0.7260173897213731	-0.18018534732193245	-1.7836405211492659	-1.3791943648042537	-1.1754964160470678	-0.5725733814977289	0.9611893493337523	1.1279320838289453	0.7240654620780701	0.6199739158557125
SYNTHETIC_0070	0.06657025505741332	-1.2162032454884302	0.8782102583663888	0.6288500494354693	-0.2748362033151732	1.4300264244085616	-1.3291296066026843	0.6290953006056946	-0.6700325332282574	-0.25869295841621665	-0.9067508020300648	-1.4851082370125461
SYNTHETIC_0071	0.7629652576053757	-0.7202696501550744	1.450232045093491	0.0696475106696782	0.49637565043713555	1.3802539640028506	-1.6076364591862702	-1.3447774732743907	1.0289823588638871	0.476960587114884	1.6750257154674781	0.9685104830200005
SYNTHETIC_0072	-0.3005047483762934	-1.1831770020880856	0.558280073880374	0.20055442310371485	0.6792250912957444	-1.080270219009471	-1.1828686760301097	0.5687930227892015	0.3341085753746073	-0.15742279390418182	0.239151076743291	-0.3333761610894391
SYNTHETIC_0073	-0.114093006505467	-0.2508478272766735	-0.6521743041314052	1.508933037858781	0.7502796837951567	-1.0164979592577483	-1.91094960956337	-1.0880388565242396	0.9033689862308375	1.048858905541888	1.5778835930835384	1.3212938417273825
SYNTHETIC_0074	1.1418954885474002	0.11326376497090919	0.6641562687171502	-0.9748059021432008	-0.7879699558336577	1.1386806376018626	1.6830963530667087	-2.692398308726408	-0.31840489620092743	-0.04355368589339823	-0.8901276516179638	-0.007231940872034546
SYNTHETIC_0075	-1.3021321975785445	2.363563912946542	1.3019039013009095	0.6198742328432455	-1.4810072404233103	1.1365154882242532	1.5805888805263548	-0.880296090495791	0.07465859350769906	-0.4838248048293352	1.1093360620304942	-0.9401099150489505
SYNTHETIC_0076	0.14040683862514325	0.23816443043151705	-0.6650003230496774	-1.3635928955195895	0.7132338450556134	1.4262945023053963	-1.8786820331032434	-0.7596540755807295	-1.2753828693450429	-0.5230480090775305	0.6642677079257274	-0.39779869525286343
SYNTHETIC_0077	0.058547962151812516	0.7605016813961518	-0.4198148712794225	0.24772774263658978	-1.1083076237799137	-0.9959916410871413	-0.705571271296342	0.8953680580809933	0.5567956721712883	0.32553669448281064	-1.3317869377204947	0.10880402432677004
SYNTHETIC_0078	-0.7365383785993314	1.050668739332902	1.300486918100646	0.40348803943592715	-0.883977014672717	-1.5015870409583902	1.7122530344553428	0.9272073084681455	1.4786776657235259	0.17819436857088836	-1.493694807003912	-0.28383364081390583
SYNTHETIC_0079	-0.5652168701766646	0.5481346929431119	-0.23724771429321015	-2.5410407492183986	-0.8168685101997926	-2.30304879985164	0.11756715862338521	0.020976873790976368	0.5955568490352782	-0.41556932857212964	-0.7944118864994254	1.217668526619001
SYNTHETIC_0080	0.1017316630243108	2.1466676964656517	-0.8841806534561031	-0.5696338962018516	-0.9592802758894673	0.5780046734533576	0.519587744915469	-1.8034314198267212	0.1843984223526932	0.4479973266973879	0.06152438379070754	-1.5641391705734287
SYNTHETIC_0081	0.3706902106290599	-0.26724767352072104	-0.3720191627956276	-0.4731586966619553	-0.24387472011003233	0.7591532037271288	-1.7384672588740504	-0.7129430347548383	-0.9909798355763778	0.6669387096738444	-0.9460139991140243	-0.39312860342651523
SYNTHETIC_0082	0.04678062691185114	-0.10802524711926205	0.31725935465674426	1.7741877240328456	1.254420921936551	-0.04885406094361878	-0.12371227445459768	-0.048732809467582495	-0.6477038920094921	-0.08129015395326908	1.5919760686274773	-1.169813582578898
SYNTHETIC_0083	2.5285972330411255	-0.5056196827395072	-0.24990946894901575	-0.5346052119384651	-0.017101528014591746	1.0924612227624164	0.6606951105916423	0.9550388731220083	-0.5576455522595668	-0.7229496445708941	-0.8536036513259512	0.7082102756765434
SYNTHETIC_0084	2.1081021228774097	-0.22868389512395934	0.27509722964221645	-0.5893634987575822	-0.07285738775848825	-0.2525773733794434	0.4345828314112641	0.3784557439195884	-0.1379299790169791	1.262326686241244	0.04855108116968706	0.06641522270224724
SYNTHETIC_0085	-0.7411795390198705	-1.6378878885401347	-0.10724361391457148	0.07618822645251201	-0.7674691442178104	-1.6247413516916553	-1.0397774190529891	0.8076452842593491	1.0848330808930249	-0.4040598101838989	-2.107670207820443	0.159151443389715
SYNTHETIC_0086	2.1201371166593175	1.1605771675494747	-0.35719104321039236	-0.38102962512242566	-0.5383701704037194	0.15120943736275047	1.1103131180876007	0.9477083948099565	-0.8348164839079447	1.293548505896142	-0.4149357856022106	0.44877565933963715
SYNTHETIC_0087	3.122480225943988	1.0028685356616076	1.8650838457885952	0.6155198637962302	1.3896407960390926	-0.698813525843481	-0.7647866839846027	0.2024649593507669	-1.6293306559857224	0.49304342794644584	1.2525203442930997	0.197090317869073
SYNTHETIC_0088	-0.1549511315094454	0.9456442641244145	-0.7411853802096684	-1.7999210833835768	-0.11155296951163512	-0.05842831433924737	-1.0140347322617826	0.4650218731688118	-1.4952668550088128	1.275664364130049	1.6790896467735783	-0.1586324473687031
SYNTHETIC_0089	-0.6231726837406638	-0.9358809646537513	-0.42880804042944076	-0.9242584523692082	1.5353980635857074	-0.010266448034137692	0.3607314176385913	-1.0764547139065808	-1.5882184483101836	-0.2656197813129199	0.03949964260044617	0.7340486895942264
SYNTHETIC_0090	0.08213649662216427	1.6646958991252314	-0.06817215143373402	0.08466252398590209	-2.523055350297939	-0.4772637788241637	-0.29336511021437606	-0.49103529080341485	-0.8620685378942318	-1.3625410802250881	0.3278000886778782	-0.7457737502343337
SYNTHETIC_0091	-0.35144190529962993	-0.5319849671571979	1.138717116243178	1.1932965471079033	2.4316130646593943	2.1058044846592856	-0.9195711647902901	0.8564228901633635	-0.5208420210399635	0.0832372487337473	-0.46182815555190576	-0.34204065660250393
SYNTHETIC_0092	0.6494350690008968	-0.6372547290141853	-0.023358299760530988	-0.49172120114168755	0.561237287357794	-0.9129006777957418	1.417456898760571	0.6233536986896333	-0.41319312615538273	-0.280627057431718	2.2375028323102817	0.46106439532333404
SYNTHETIC_0093	0.7311388561833964	-1.5372130008750409	-0.0765875079332435	-0.2279877196597903	-0.31878033896077246	-1.436642252742833	-0.9170229820314635	-0.3846022239034591	1.5330658595984514	-0.012974421456813618	0.9980127026350707	0.39598474780349424
SYNTHETIC_0094	-0.5213810014854435	0.6731942532586855	-0.6154893016562699	1.9514409965068498	-0.11381657318672331	0.5897163785718019	0.1894154821686608	0.5169164300543947	-0.3375124360888577	0.7900251145158514	-0.09312271602391248	0.04588010100100693
SYNTHETIC_0095	-1.0905768447173796	0.9367874517675079	1.302312983031352	0.7395175133610548	1.0671165559434688	-1.376462355245318	2.896662742942719	0.4427410030782463	-0.3343869455047563	-1.0940842803970832	-1.6232138341554512	1.2319067133844566
SYNTHETIC_0096	0.14299039929298174	1.663398094914167	0.4970231364308011	-1.7005938361950586	2.638712757657816	-0.16242041895367842	1.7339595598637025	-1.3765264693319557	1.0928079683650673	0.16905629207468548	-0.07249671183057826	-2.354886526976834
SYNTHETIC_0097	0.22560946810277277	1.3092223144298951	-0.5843141274456494	0.15864181372137318	0.24507897742249748	3.2074623590194147	0.8313873922278037	1.26778424160091	-1.4595308204953532	1.3960117527986835	0.521644688047566	-0.792200824353417
SYNTHETIC_0098	-0.814655013884346	-1.755141825796984	0.2770405014925809	0.04818288546791389	-0.32322153862166847	0.010324577146048628	-0.12024655028974802	-1.1614193119223388	-0.5438249210113237	-0.5839325703597733	-0.9737718048483768	-0.6891366638911327
SYNTHETIC_0099	0.29191443896833114	-0.06927130052212163	1.1097451282401392	0.26694620498237426	0.660694432886515	-0.5481093790023494	-0.8895300208271275	0.9579335031808731	1.496881879792309	-1.2320046329213556	-2.3206585452341266	-2.197280293310239
SYNTHETIC_0100	0.4201541702150935	0.06551979352801653	1.2466324365894572	0.4398500732736082	1.9213008166437495	2.140380251254027	-1.053457031472156	0.850078704032396	-0.11406635532874414	1.3730847663221195	-0.9838529225391346	1.3692918372446534
SYNTHETIC_0101	-0.6051643869325786	-0.9315030697838551	0.15956477979506184	-0.15349752319526327	0.624359124236632	-0.8621513601496502	0.0032608987698938986	-0.3548202010853669	1.0701274148050912	0.2814187032271829	0.5447392574866334	-0.34209615246225444
SYNTHETIC_0102	1.621345483440514	0.2519755201327679	0.266170367370074	-0.010147468935750512	-0.037299544349595884	0.179630089790094	-1.6964752194528734	-0.2326593701965669	0.4502532204508436	0.9568199500458394	-0.18079096760976604	0.8845558754889474
SYNTHETIC_0103	0.44230578622096883	-1.253000145792532	-0.42039089900662086	-1.171158504154902	-0.06937231281119378	0.1152688443268266	-0.015740414068369842	1.6505337373572144	0.5769167858995229	-0.9001914499598082	1.8035194115622966	-0.07710120076638842
SYNTHETIC_0104	-0.4514756542259884	-1.2814927753711938	0.9003659914360869	0.5494642571803862	-1.7432882445918378	0.12690342837616117	0.3675361907450187	-0.4848615506160188	-1.086365493527622	-2.230549418848947	-1.2192533206906295	-0.2638617392760247
SYNTHETIC_0105	0.8289669995527355	0.28966954803941236	0.1529093745024655	-0.9794601174326955	-0.09647067985026654	0.28271198563602595	0.4750999034710939	-0.11068565548197867	1.0601477012615612	0.41916599338022165	1.097400246789136	0.30056967930752043
SYNTHETIC_0106	1.617979362686511	-0.25864768697606855	1.2029481525319947	-0.12078215541532371	1.8175941517058882	-0.14789280397266732	-0.7770811762209198	-0.6167543422350653	0.8300701359302001	-1.5586025755466077	1.1792664105436999	-0.06794678249383294
SYNTHETIC_0107	1.4705676545363255	1.8932182730857057	-0.364933310662929	-0.015302623685226998	-0.07067131576090903	-0.6454995452591393	0.3337848774656615	-1.3757766206538382	0.5561648434313122	-0.46703703389745177	0.343639135004617	1.1056456989410752
SYNTHETIC_0108	-0.9765179372618653	0.9976575048261586	0.6692368007034152	-0.009359543058164565	-0.09895935117803344	-1.5514375210448474	-0.6695221735999596	-0.5022738589235661	0.3711233994989238	-0.2082805704072081	0.4247191145393635	-0.1298971793137453
SYNTHETIC_0109	0.038152478100278664	-0.6190122662613543	-0.16733257719392017	0.8083747961626404	-1.2901426818182278	0.22096319334219622	0.5485185049867878	-2.2250126582427265	0.6604649834637961	-2.05764604588229	-0.48917028823077874	-0.22750202336688863
SYNTHETIC_0110	-2.3018355748187798	0.37127232643039987	-1.2344294223014791	-1.4587741576509627	1.5390281901510197	-0.2873557872002388	0.8465808168231189	-1.0744090362624548	-1.5480107630354696	1.672110356350548	-2.064072422327704	0.18998457445757017
SYNTHETIC_0111	-0.7249503146832734	0.4926109975299795	-1.9060239237863938	-2.0547309156595435	0.23565366349348113	1.9297512457745216	-0.3652560947514843	1.3745713846353558	-0.8121063483024872	-0.29250083874029426	0.04237726315277101	-0.12446033709919505
SYNTHETIC_0112	-0.33930092428085973	0.27122114611684267	-1.4771636065532892	0.2158724304511969	-0.7130653044206373	0.0709929842558278	0.9029631206919961	-1.6864353187614842	-1.3990737882847182	-2.169567883442555	-0.08848330154817395	-1.304609591745533
SYNTHETIC_0113	0.5605395858047483	-0.2761557037489608	0.5210121454405753	-1.2783634538388182	-0.6978046698655054	-0.23563940132541852	1.7750902348843731	-3.153367240353554	0.17647219772458334	-0.13394345431021146	1.1953761045488451	-0.43748003291418436
SYNTHETIC_0114	0.11553856573636195	0.5532157645211518	-0.383582644698059	2.1818452455588204	0.09338802971353757	-0.024919415369379177	-0.20633896378263042	0.48078071860552807	0.843489029519382	-0.20426582081442565	-0.20485345528501978	1.5039217528556985
SYNTHETIC_0115	-0.09771795390580962	-2.0291912419669793	-0.05836933710267507	-0.3250954444939682	0.37448948088702455	-0.348695061626447	-0.12016662673791591	-1.0211789260423898	-0.5302282277539839	0.947407304678956	-2.2178540488511755	-1.2652988439474224
SYNTHETIC_0116	-1.0016025863098086	-0.510887853753235	0.10012865250978042	-0.2507028101648066	-0.30367560859644266	1.3734818373839977	1.501307949974646	1.3484075073310158	-0.9067965725498468	-2.1417582927457652	0.0677692336824673	-0.3242495414225614
SYNTHETIC_0117	-0.63978866421591	-1.4433240245830958	0.1698145249417646	0.2724672478729789	0.5414984328799537	-0.5901555956838402	0.2267280397516163	-0.24554155950606513	0.3166435852682664	-1.8155130033421443	-1.9437878960044919	-0.38852505287267497
SYNTHETIC_0118	-1.373847217102839	1.5726640208241442	0.1400137513139707	-1.4692266653451587	-1.1580613623956877	-0.34911965583678173	0.49882435674968834	-1.2354386206331536	1.1013990236647073	0.40599643850938105	-0.48574491494376054	-2.7426943388662677
SYNTHETIC_0119	1.5291236236637873	-0.184841724767509	-0.13825542601853025	0.23827700810870991	-1.244670530145533	0.29651117176923336	-0.9843740458644717	1.1733006273322129	1.4934826353316049	-0.12328417873973561	-1.5030520566281744	-1.7853687466964066
SYNTHETIC_0120	-1.0368949718307068	0.940864346909051	0.40579342743949426	-1.0963287507738038	-0.2328067496993891	0.2288932482277283	0.23187398963843497	1.6850215318208355	-0.12514277210908265	0.9983233031510806	-1.2009918104244224	0.47237105007753455
SYNTHETIC_0121	0.3669007245110172	-0.3935414924458057	-0.0017250986330656836	-1.3743466689378896	0.9589051284444674	-0.4424954608788277	-0.5445394096651108	-0.8171213133129672	-1.8013497069568043	-0.2645395311144702	-1.769715383855245	1.3502292092683341
SYNTHETIC_0122	-0.5967238811738201	1.920871890324168	1.0368421666140244	-2.247532853131835	0.22711013637639677	-0.2789793702134015	1.6564618912631117	1.2510043498973544	0.4899776136669862	0.29387521723513493	0.5018720328003324	0.3765158607249415
SYNTHETIC_0123	-0.0088543799958396	-1.5143814687934838	-1.6699846567468695	-0.822297458407034	0.8086810390706234	-1.5075214074839975	-0.7745383072411606	0.46126708247858367	1.333886250250836	2.2761910530722753	1.4091217911419702	1.5737077449785681
SYNTHETIC_0124	-0.7569345490082529	0.42571120556305486	0.04152830788758642	0.031598207549679354	-0.6546717082502892	-0.14774177667846414	1.4263325262236977	1.5045334012477098	-0.8087089399910566	-0.04934861151971448	0.2876933314244255	0.8614136228121849
SYNTHETIC_0125	1.0562625721952366	-1.5311357076355492	0.6005109219808258	0.5432142424975802	-0.5245869966723208	-0.8172270271498144	0.042902104938727426	0.8826148887605122	1.739046460992238	-0.7724440321740682	-1.2642965260658887	-1.4807735716858954
SYNTHETIC_0126	-0.9527493014676001	-1.2135326094718153	-0.48883716554422757	-0.5873751785061749	0.37664585740667506	1.4556432238875958	-2.1829416818638503	0.3270874458866331	3.147573073547814	-1.057396104826749	-0.5183293582508629	0.10238279499557298
SYNTHETIC_0127	-0.48300003929964497	0.20985236015239364	0.5398144728021825	-1.4927140814575384	1.0253854453111106	2.699210912748571	0.16312865576162913	0.16966125706499136	2.075975952007832	0.37661510449236646	-0.9186688713309538	-0.335809107074535
SYNTHETIC_0128	-0.6547915606820761	1.0614710889286536	0.0616724576349965	-1.69590057884143	0.799384054200868	0.21704322222910877	-0.47146085468569776	0.15097127490727907	-1.51006140022357	1.0254207415499759	0.4066492798828088	0.3905289954882926
SYNTHETIC_0129	0.41662976305803523	0.9206347118799938	-0.8591743117725529	0.13507679823269383	0.476878633651985	-1.6532744859603554	-0.36579595836861534	-0.4653622648060056	1.0330523813187944	0.616807301352523	-0.06926497596218335	-1.089174186696197
SYNTHETIC_0130	0.34508883464263385	0.42743781536016895	-0.18337694841463623	-0.716929732769443	-1.447771649204049	0.6966754942970388	2.5622748435090292	-0.106052390997406	-0.6800693894413452	1.1576373192537859	0.5893116636438038	1.2949131864784307
SYNTHETIC_0131	-0.05078632288868379	-1.8858693227100842	-0.6325580633596277	-0.9086107554880045	0.6350287131588577	1.2170923066955754	0.22824205049293378	1.5776215778571903	0.22887573372708575	-0.41021430252591023	-0.528298936085239	2.0789155236631087
SYNTHETIC_0132	0.28308145485907915	0.8844732610304771	1.4268105943260154	-0.14408996813848132	0.8944018026490489	0.4141059428242366	-1.7383373529467232	-1.5009434360002685	-0.4220734955816815	0.06392888655892177	-0.48706495070763456	1.0140777622028938
SYNTHETIC_0133	-0.4608027964072262	-0.1289230631953433	-0.8268880523613806	-0.11720070429863969	-0.22249722816270143	0.6588638134634403	1.3723229236141201	0.9442826595180848	-0.060733995020865794	-0.09522225219063725	-0.021665917073145084	-1.922106503091216
SYNTHETIC_0134	-0.969953107575466	0.13447114820738806	0.7870619179244264	0.5349610536443239	0.367588700265172	0.09543732443626685	-0.1504176660876385	0.881289883040695	1.1890576155157204	-1.280964456081713	-1.5671777635933266	-1.0530580215192218
SYNTHETIC_0135	-1.2171879945648438	-1.0422014696182158	-1.0091003370484097	1.1546490157289448	-0.9744910291545267	-1.8803468330806434	0.9506204900634236	-0.3066540013302875	0.5375259851547708	-1.0730893683248037	0.8449455590842677	-0.5925088769029186
SYNTHETIC_0136	1.5061412016923015	0.31723285551771563	-0.6925354845212275	0.9466794138848105	-1.1822582897416747	0.7087494733957196	0.26986690635624205	0.08458403236514879	0.07125474943590106	-0.9575787636178721	-1.002079240398765	0.6260063774021922
SYNTHETIC_0137	-2.2875112502510846	0.7230824650262918	0.6052531552604558	-1.4657139437807236	0.2701769617647681	0.7975037937184449	-0.3365450811577319	-0.2739623714620871	-0.28387367029160826	0.6822042440742524	-0.010696773982597519	-0.06259922586492829
SYNTHETIC_0138	1.4373235406699594	0.8178528960426621	-0.23239659983806696	-1.1065896177430081	-0.29231108150844765	0.8885986658877134	1.3374407921591627	1.6817273436437052	0.7998287961453748	0.871478366486106	-0.04950043881838407	0.0359196266910223
SYNTHETIC_0139	-1.2867941571815908	1.1685489002623823	-0.6174292259869291	-0.08536584814692864	0.3211254020105179	0.9769522269160714	0.2175293746578506	-0.11580609416701976	-0.27367045107701693	0.7590050635698928	0.7135534995092688	1.1796048945964726
SYNTHETIC_0140	-1.8415515592896337	-0.607351477634959	-0.45631928416821504	0.4115513948272404	0.16027790840966413	-0.5386688001389371	-0.5670306398762294	1.2213946448400632	-0.5947148566882109	2.695874742669944	-1.0193171772779601	0.20705708130748235
SYNTHETIC_0141	-0.23913235361657992	-0.2880005335512426	-0.6736207807772774	1.4739616553149555	-0.5629816758526773	1.662878799817415	0.36233598802292977	0.6513077498547949	-0.5053743782007832	-0.3806898388905586	-1.4371510327578663	-0.44063830087205447
SYNTHETIC_0142	-1.1899652184236957	0.7754796684391961	0.8787555908983061	-0.5975080530360145	-0.9801784080386987	-1.4170522566799864	-0.1916944864740814	0.44658901088871733	-0.4521245242770545	0.6137428624366846	-0.4377212829194665	1.3535660229015443
SYNTHETIC_0143	1.4176591588796272	-0.8826974078214946	0.6392869631830153	-0.20080276988873824	-1.2732424800583173	-1.2058356212125199	0.25174472510356566	1.129389826720331	-0.2046437428554362	-1.5753191100237889	0.2517810665600803	-0.41924094323624816
SYNTHETIC_0144	1.0584051900674434	-0.6980414574670888	1.6073782367671317	-1.0174548019569527	2.2166049274411894	-0.6138325387128283	-0.5744009316399227	-1.583764656125814	0.3350536061366716	-1.1967843111096361	0.5493963684917833	-0.4049805096985487
SYNTHETIC_0145	-1.0611760290318957	-1.438603366726791	-2.034654761507101	0.9646180406746679	0.1897769912187352	-1.6464590051211343	0.3353246353189455	-0.9836358089183632	0.6915023976806612	-0.5069905933147435	-0.5627326759545187	1.592073066648009
SYNTHETIC_0146	1.71000251638689	-0.9242915584541427	0.31272634372945207	0.07970977233653445	-0.3590399723306923	-0.28689903005607237	-2.4900662352828724	0.4140547408269412	-1.2032595192154145	-0.008973441145377578	0.826948725385121	0.7566037098387904
SYNTHETIC_0147	-0.11543089539583812	-1.067360210262615	-0.5839216138766153	-0.290767778314865	0.2525694199228299	-0.11340122037820966	0.3136750956261605	1.4755676543934417	-1.6493076788609096	-0.5531560858630626	0.6159029406235991	0.3768598250114202
SYNTHETIC_0148	0.1733229192713288	-0.20438863155859716	-0.5205342178054125	0.02739381239413707	-1.7898418090844774	0.45100802602772877	-0.15725506681848284	-0.4386931822282389	-2.2263114518007314	-0.6613762906937153	0.6616207784820338	-0.1759650563531473
SYNTHETIC_0149	1.4204337303844146	-0.5831997952048115	0.5912288857554835	0.0238923838468364	-0.6583623860326561	-0.5920197684349614	-0.4314318667536667	-1.05981723020511	-1.7752351091715537	-1.4288555075006248	-2.752305244934186	0.5478290915740998
SYNTHETIC_0150	-1.9079542360665211	-0.42489288568818834	-0.11304886351266975	0.35404021924694573	-1.1604202695860901	-1.780664600746791	-0.9802285403279711	1.0389297286116599	0.18386224280848126	-1.022082850413978	-0.9072104204299569	-0.19902025494882788
SYNTHETIC_0151	-1.5559657388800034	-0.10214627892481869	1.621653869314268	-0.8478716174557424	-0.9104363068836514	-1.2375315345158835	1.083789323181508	-0.26623965996553045	-1.0730493051441923	0.4134544883462805	0.10568040198001594	-0.17672646008998805
SYNTHETIC_0152	0.7380796728337776	0.43814377278538735	-0.29153626137053973	0.26894119129925287	-0.8636297395883579	-0.6124289843058174	0.6269984406146869	0.9055998383214251	0.8540774488838982	1.7851688196306006	-1.1661429163482024	1.3218062117855647
SYNTHETIC_0153	-0.6538580594167354	0.8643814865204844	-0.81704173310234	0.31316533187413426	0.18543794164138533	0.6477257340403564	0.3846289266756526	-0.4209668841364211	0.43132539602512193	-0.9121899064875829	-1.5562471821060173	1.458663537525032
SYNTHETIC_0154	-0.7238604660087551	-0.9007199518648139	0.05012379992903018	-1.816703625018288	-1.6568759366114592	-2.0170581081316374	-1.8753538057937604	0.10430092627539274	0.504829632853077	1.1891496404832687	-0.911903987531285	0.17534008296779427
SYNTHETIC_0155	0.5200570999505288	-2.8511493492299382	-0.7081725770229321	0.39522973786134474	-0.10415750210729993	-0.20503055826682162	-0.11664724887128008	-1.4659426645720601	-1.7413128175962795	-0.6415316860809757	0.2432290996244732	-0.1276911805622354
SYNTHETIC_0156	0.6243187876448278	-0.37274933259886334	1.104955043261396	-1.5853237218203144	2.2409113255149853	0.17624098155735277	0.784100099693607	0.06962077676195234	1.243305827232664	-0.43752333532236076	-0.5919244634169925	-0.6234661861613816
SYNTHETIC_0157	-1.0022013011724553	-0.6501851296128748	-0.41826213426977654	-0.8470549330502303	-0.6046636523266998	1.3494709322686582	1.5889248553348132	-0.3431742401185888	-0.2613293699213842	-0.5386222500044192	-0.7228045352214194	1.4154440400344708
SYNTHETIC_0158	-0.5460622820924493	-0.16105400167510678	-0.3100902213603167	-0.6276943681609355	-1.1526386107925792	-1.049289527236174	-1.0817169223106669	-0.6255817981901671	0.15721377767341477	1.347670185055223	1.0977775346294372	0.6362731032577191
SYNTHETIC_0159	0.07822967603420439	-0.15334539454911192	-0.5607525227508812	0.25136343810700346	-1.2845255258208659	0.30420765618354206	0.21677520718391352	-1.0926177005563407	0.1537982099611345	0.1607542698858347	0.19891090914566714	0.9980447814604689
SYNTHETIC_0160	-0.7726260490967817	-0.9894921143585099	-0.5385425960571234	-0.2865129988033774	0.4185909873321821	1.166688981520673	-0.4325866048951724	1.1975375870043472	0.48352091777532613	0.5176684901384301	-0.14587617804494823	-0.6509942231916147
SYNTHETIC_0161	-1.2575224592218963	-0.30819006999267484	-1.4647494878248208	-1.3790633389530567	-0.18822631105859441	-0.11851504202842879	-1.302414428402683	-1.3081965441985095	-0.10657752169089901	1.1571037758421614	0.27015247733566705	-1.3539189734287684
SYNTHETIC_0162	1.9929547450424963	0.14558376163442602	-0.1093753799898182	1.5965190386742338	-1.6780517459023307	-0.21609667209890654	-1.6606414489205972	-1.5562678065648714	1.8586547868852499	0.2557038824225365	-0.05717703921834635	-1.1008299533444168
SYNTHETIC_0163	-0.9704066224743663	0.5029360534340427	-2.2383930257949882	-0.15550441020093983	0.657079959806254	-0.14362202170540225	-0.5472203635592662	2.1166057723899465	0.21589482221756792	-0.39129480661017624	1.3897670358559617	1.4358007709815361
SYNTHETIC_0164	-0.6521729274094838	-0.5390864241592777	0.6192820544450118	-0.18554987550685625	-0.27788090418771444	0.30601593637718555	0.3292146770354826	1.2334862965989342	0.622404951094761	0.6145084361035442	0.40570442469842904	-0.2778000525350629
SYNTHETIC_0165	0.4192072655368537	0.0858192751689711	0.26259042183492415	1.3405768727871612	-0.7241542338740707	1.931458250302219	-1.302896465264512	0.16912139615932126	0.46180383008594456	-0.2442538432290304	1.4239297245806877	0.3714081311665536
SYNTHETIC_0166	-0.412137014375452	2.1753994043884775	0.8298175751510556	-1.4618317745869083	-0.4412793161115216	1.8336572434424476	1.0752217795226018	1.0704105564171436	-0.20678728068593044	0.45484970121285423	-1.2615667482516275	-0.6096352451191377
SYNTHETIC_0167	-0.1315582541247246	-0.11082710113076885	-1.740363621443543	0.13537349148545905	-1.1068122662930637	-0.2937121244061197	0.7693666048316538	-0.9586233015817348	-0.8146890157083119	0.7391410650993648	-0.08642646107025824	-0.07848712184891482
SYNTHETIC_0168	-1.1752650849410196	-0.23368485943377793	-1.3716724229739634	-0.03714936615287433	-1.0089073871411813	0.008878573124911552	0.7537219308659118	-1.9173548730799084	0.6057807459501336	-2.025638470536802	-0.05393157970156633	-2.33909923480964
SYNTHETIC_0169	0.6401280809884208	1.1611462011808393	2.3984906806200685	-0.3144287902393932	1.149419548035752	0.17277500817705102	0.7871844700138251	0.48434713113425004	-2.606090504131019	0.26784718529216633	0.35942952641538234	-1.5016598294544403
SYNTHETIC_0170	-0.21097000745422934	-0.7242142990609642	1.152821702114279	0.4316005328956019	-0.23699702357212685	1.0757337224087358	-0.9813361903910169	-0.44292940622352517	0.11392246600601451	-0.7339833455937997	0.23875501717380881	0.13035910554188254
SYNTHETIC_0171	-0.39197223704155215	1.3200687863339085	0.7578773683178266	-0.2848052142558006	0.9248799623603846	1.0826007546750451	0.14553545847831184	-2.8086410270029245	0.26270505111758813	1.2996725665624758	1.8573979809162173	0.005545148128628588
SYNTHETIC_0172	-0.4438977699811273	-0.5728123934562094	-0.845457097816194	2.1736378687594082	-0.9281730733963719	0.13610274836485456	1.4810531179405821	-0.016387345320990343	1.237609336806242	0.5141536061604621	-0.6537038651511697	0.031853027944028015
SYNTHETIC_0173	-1.4153004512405687	0.195228016087427	-0.5733315742297499	0.7860412465360738	1.456044767845799	0.21447956875547852	0.4476226532082446	0.4509727790032179	0.13526712758611056	0.7318738936099219	3.17532686480625	0.6970159113143741
SYNTHETIC_0174	1.0002997725684883	-1.4116078693095027	0.07231262439479552	0.8558015052163939	0.595029731004979	-0.026632503707029406	-0.645116323466882	0.5002035562484808	-0.2437773500747168	-0.09399212808950287	0.4867086221164526	-1.3099136165631722
SYNTHETIC_0175	-0.020318991735864378	1.7141210863208693	0.2999801414356452	0.30103032323027185	1.3425253852858916	0.12552212539112056	-0.39626304536129525	-1.1165909584891929	0.9571653125001827	-0.04542706671002723	0.3626146435060457	-0.11220262516904672
SYNTHETIC_0176	-0.07303952398115932	-1.6898211689035763	0.7060598153112861	-0.1662095346315957	0.09594689214440379	1.913649719977997	-0.1300384664083058	-2.064033763563114	-0.9336041181347828	-1.9902453587071671	0.5412409378785811	0.04504570711041073
SYNTHETIC_0177	1.7359232344994506	0.01829954197415871	-0.45702656078182236	-0.9243611187257642	-0.07304183369779657	-0.25900275753612756	0.6273294270104056	-1.9463129358565017	-0.02188820961011403	-1.900004113971444	-0.23558386652279006	1.251987519449619
SYNTHETIC_0178	-0.4882250206148633	0.4099423977713953	-0.5755261537913685	-1.3630499187868201	2.007914892562495	0.7073302232069376	-0.49472086283566996	0.0005739358453481764	-0.6130154218157955	0.43046878380634784	0.19862009954428392	1.1706277783093708
SYNTHETIC_0179	-0.9564487393210563	-0.38988985366553297	-0.6157606928890084	0.5860737435397859	0.8697199809897824	0.38195162150337614	-0.48367244219953615	0.7720891012931288	-0.5263013834025659	-1.8420644697820618	0.7000287613896296	-0.8358841117603417
SYNTHETIC_0180	-0.07727555679045495	0.23878762977270362	-0.5216672423003546	-0.6973087617939692	1.0712944197637553	1.523741413739737	1.2054188757888005	-2.3038831612778865	-1.6691939622593945	1.624085010716648	-1.772068867358982	0.807447194407047
SYNTHETIC_0181	-0.9135089340710065	-0.513775729305971	-0.20227992301824077	-0.038988796577990786	-0.3594213269882196	-1.5875255668859103	1.6465704567302395	0.6107670503405519	0.15146066097729635	-0.8482883971071493	-0.3740547754176105	1.634890137911375
SYNTHETIC_0182	1.215769409115158	-1.2652820858868736	-0.04785123848715422	-0.027374843254507345	0.6119365659578503	0.34648397846438284	-1.815598270550843	0.6249006816896133	0.559282899951915	0.7025966437255905	-0.7068807193364204	1.1611258019911592
SYNTHETIC_0183	1.6601424141434378	1.0809988309868717	-1.8289259669123115	-0.5865091564897981	-1.214447105456391	-1.6568451715835202	0.636070791911139	0.1519940844624872	-0.6647214747367014	-0.7425451314124496	0.7221156012293751	-0.6210429947938553
SYNTHETIC_0184	-0.8451171232987632	-1.119657653804352	0.40102491184759903	0.5317585951721665	-0.8425200163000011	0.07771180559200963	1.0296753524490752	-0.23188097841499775	0.7236430897079249	-0.4513496256796273	-0.024676089086909762	-0.2552664663477767
SYNTHETIC_0185	-0.8469460656620851	-1.8023282022352465	0.6313416110564589	-2.490056553666239	-0.3765544836710489	-0.7562949607720989	0.7340283271292689	0.4810389926965084	2.097537642740825	-1.1340613451558077	-1.0149294828816193	-0.02224468905719168
SYNTHETIC_0186	-0.48942223538731033	1.1348028702505095	-1.9618219414360418	-0.028041942573015042	-0.23313012768998456	0.6619293685726904	-0.13052017727085427	-2.0576835068933885	-0.692674257442615	0.8049606998848449	-0.8548951220184673	-0.006985244987939373
SYNTHETIC_0187	1.6840172079291384	-0.997667461393164	1.418333008324902	1.1371099852661901	-0.5560818888073623	-0.036267412531864406	1.0030571616478545	-0.24416028968290646	0.8104666835400299	0.1701605632621624	1.5804305097159905	0.15082486030690723
SYNTHETIC_0188	-0.11198732202093586	-0.5665409130795523	-0.7366143445630303	-0.48990227716823703	-1.4054671761985855	0.1080232389256164	1.0198363038544453	-0.01767848448222	-1.1440391745209633	-1.1008859108926203	0.3466002510487268	-0.07804672997307142
SYNTHETIC_0189	-0.4003826174692491	0.04566395807749189	-0.6162089174206222	-0.5952491326593834	1.4349852333748276	0.8893685170982693	1.0625104536658405	-1.1651106323781106	-0.5572935905937292	-1.2381371983930956	0.912458311839649	0.37989243128606676
SYNTHETIC_0190	0.2224918173994408	-0.08513339580799348	0.386868703197651	-0.7056925372169081	-0.18678388620218217	-1.3232740828838352	1.1749959757859194	-0.584208314274742	1.639904866092665	-0.9484036048184193	0.39474844407258647	-0.5173754905191916
SYNTHETIC_0191	1.7809101594214216	0.3991223145184424	-0.53116921647995	0.285310718129181	-1.3148623639693016	0.3485244900693303	2.2081888679679116	-0.889410163467944	0.12348283892851869	-0.6983927309516093	1.2950790261889074	1.2911283466930772
SYNTHETIC_0192	-1.2336197515315424	1.1339946223327872	1.1880910732956484	0.006828925922269824	-1.562318558457764	0.12476221807399962	-0.14131804900171663	0.45755640935653713	0.6015410263081068	0.5746457670219509	1.5448103103874222	1.4674891732428628
SYNTHETIC_0193	1.1430302884640309	1.3341641666226798	0.2928222306555669	-0.03847794046428473	0.5825590362639013	-0.2577773469336569	-0.6539512856536727	0.9372521924627417	0.08782057068959552	0.09569091593073288	1.5313095360532425	-0.856386018319362
SYNTHETIC_0194	-0.5803727055730072	-1.3287926091001885	-1.1279816720894222	-1.158790364171827	1.544870061845557	0.3197039517998573	0.25801539701018394	0.46282336033336546	1.7327599744820814	1.0678596202073178	-0.36005721041312655	0.27172499399482974
SYNTHETIC_0195	-0.7304315646756867	0.6295871388954426	0.08549154851368725	2.2131791197957633	-0.22780984877664143	-2.0603186646721707	0.522777762899708	1.4012342678405947	-0.2384428741815107	-0.043621575035379716	-0.910930065367831	-0.19334111917547508
SYNTHETIC_0196	1.935747233184906	1.115560293479707	1.8195705339132258	-0.9049634689470377	0.23355403376757813	-1.193663857330651	0.8609299581613541	-1.426085166994778	0.10893585701628798	0.5318578056581832	-0.3467506807266477	-1.1392083644017423
SYNTHETIC_0197	1.1859529733698375	-1.6817123862671601	-1.0534151682938917	0.32302083411180194	0.8397978981928899	-1.6146763093930965	0.5932021805509171	1.3253001047177908	-0.0023834189406173245	0.5967995868979752	0.2759712095902826	0.7671637597210866
SYNTHETIC_0198	-1.1776367638729497	-0.2080949874496039	1.8432961295168755	-0.3145335777438174	1.418277977352628	-0.36328473738748707	1.0801196080603765	-0.0628488671770068	-1.2795308215813697	0.7238952522099402	0.8814294126864939	-1.113392731052762
SYNTHETIC_0199	1.6198097055586873	0.5139330830392833	1.6681918375603844	-0.8200408513304512	1.8160071792663826	-0.9980211665967241	-0.04289222665971134	0.7900673665483312	0.10131136167851837	-0.08481815228653379	1.2790780235861583	2.229157668521093
SYNTHETIC_0200	0.2756361970530601	-0.38876305091267127	-0.6728362033033428	0.8431177366919163	-0.42627933276529706	1.537132327652045	-2.1608062871912614	0.6274847194862312	1.0778129617166092	-0.13989388249673654	1.326101299965767	-1.7009950734448767
SYNTHETIC_0201	0.30743401402418846	-0.26485244997363394	-1.3881942349948424	-0.4229813696141252	-0.8338033142375866	0.9067032303689971	-1.0647197683227736	-1.3136679785363783	-1.2513746935835834	1.4154571538427447	-0.19776626094307542	-0.5902221291469226
SYNTHETIC_0202	-0.5910270444134255	-1.1493713744189353	-0.4381531286866382	0.9840150084709279	-0.059449277302205374	0.7434095257195242	0.7755458639368041	0.8263469259293442	0.1967900144394195	1.0604168671226357	1.2624117618781594	1.0434281420391636
SYNTHETIC_0203	-0.2303736459663266	-0.497385714613225	1.343050867207137	-0.2772151551500542	-0.8535752738116764	0.5042867957025059	-0.11486358524225664	0.5382026749784665	-0.26745547105956957	-1.836152561968973	1.160616519997789	0.37918743344494055
SYNTHETIC_0204	1.8254759130958624	0.26497689119860973	-0.11435710987225266	0.5909865831478137	-0.15055490030784172	-2.5049372118505144	0.2892834578329418	2.007720924033179	0.45136428495893505	0.4257823005586548	0.7277259316135507	-1.294677899665474
SYNTHETIC_0205	-0.4105839197333959	0.5233730036526174	-0.3282168614533355	-0.07525331841331605	0.216369384875472	-1.0017583610643723	-0.4303384259222681	-1.281826708826287	-2.1645282866420903	1.8380187498999694	-1.1535462879302678	-0.4770463472125561
SYNTHETIC_0206	-0.2425132273691299	1.1463801963602245	-0.17138357257307724	0.9129342572410483	-0.6678525932571514	-0.3204794701998436	0.0445626716470462	-0.1466137215234127	-0.9227711274717484	0.6700808736395537	1.4778962071200152	1.219625167329468
SYNTHETIC_0207	0.5842190019072807	-1.521680980326733	-0.19366334380954062	1.5007317306873724	-1.7755616346426735	-1.1795538909650345	-1.4379920377107973	0.31212338009251644	-0.0465131204298475	-0.8149066401592875	0.16960463987627614	1.0976874844030176
SYNTHETIC_0208	-0.48281176956716004	-1.2253115151470324	0.9017031227711414	-1.533652430739104	0.6987229772016225	-0.26995856830822623	0.2522454919997505	1.7782857633443807	-1.3599915217160736	-0.8829750931859048	0.1288287849684929	-0.3691085415837273
SYNTHETIC_0209	-0.1719142020736384	0.4143948129483475	-1.1928003326428382	0.9139579300857454	-1.7507450301964507	-1.8725680609808333	-0.45032294477796353	0.688502234631928	-0.6355221354129246	-1.7137780341402542	-0.19274142315526627	-0.5531636754723697
SYNTHETIC_0210	-0.8520901281598428	-1.7251552798862335	0.47225824271904165	0.9554723849397185	-1.5557946746250029	0.5620077328532536	0.47577622939998815	-0.22774257484375582	0.02310339204298197	1.2875771387046675	-1.619549026273269	1.3274339235265658
SYNTHETIC_0211	-0.387786491442322	0.0404416809404602	-0.039292914745128193	-1.9238819747730784	0.9340492214976369	0.09757836533644695	-0.2465141843543029	0.10439963325880629	-0.5282260024694055	-1.4918612166296243	0.3737913079867179	0.6026640374392563
SYNTHETIC_0212	-1.2986608450920998	-0.40534736815861855	0.9858497604293605	-0.8493463566923614	-0.19291826819053273	1.8562597299273993	-0.04168622155137628	0.943976256632268	0.3249128125007006	-1.3939646599576205	0.6316187431298496	-0.22598693020021177
SYNTHETIC_0213	-1.199615310230124	0.0468158919750917	-1.0278392755664432	-0.2724764665784883	0.7936586475725917	1.930169037773963	0.7198027222511015	-0.9058433870681508	-0.27028527874641234	-0.02462224346108613	-0.17513597884582421	-1.4239829118897458
SYNTHETIC_0214	1.3906696491947832	-0.12456048297584649	0.11587387605130005	0.7175969820685513	1.7556950762324022	0.5894582607402115	-0.13573321154261342	-0.4331418034783373	-0.6430787477944303	-0.8511512708666085	-0.9645000770512908	-0.20276664457617893
SYNTHETIC_0215	0.596544014928824	-0.4813024220756668	0.26668531697264036	0.9923144455374896	-0.8669635435480532	-0.8241907057540665	-0.08915933136123873	1.4019910826877244	-1.1826231838277006	-1.4971333210816662	-0.3037099291953623	1.4110253980652119
SYNTHETIC_0216	-1.9000397036723955	0.6267860438018161	0.23626708864105198	-1.4988707346294856	-1.0514735902299353	1.0039298072495157	-2.115727508453812	-0.028240957707398536	-0.7449304630501918	-0.7671579909523625	0.3051475502143439	-0.7822365718068687
SYNTHETIC_0217	-0.7671554595711372	-1.1936146678004596	0.6668594734663257	-1.4390355784466782	0.14561056250132165	0.6741497399135324	-0.4300037645864535	1.021581495690275	0.08977552704515467	1.1222514052079082	0.18274546303729505	-0.30755159021721146
SYNTHETIC_0218	2.0864728454699533	0.21414853084983415	-1.44802924098332	0.09724071701471783	0.0009578492984256991	-1.9806193154946026	-0.1531619427232177	-0.30576791403835113	0.7876008430746176	0.6442043129340588	2.795047904569938	-0.16509647961131296
SYNTHETIC_0219	-0.2529804307170567	0.14143172908129162	-1.376368657753856	-1.685055961984208	-1.1096554639247593	-1.1171443345798864	-0.5215984724661978	2.8726023742317666	-0.9840488605815684	-0.35017532790966477	-0.5492650341383938	-0.6737229503355366
SYNTHETIC_0220	0.8393686490109269	1.0272163075750682	-0.8107061245502838	-0.5313512402695685	0.615788677774482	0.15468856287634322	1.6029403086329148	-0.7608134402371953	-1.037938321265225	-0.6670896633203863	0.4216112695149833	1.5800409331330267
SYNTHETIC_0221	1.2991979317206224	-0.9501949090140156	0.1220769402052571	0.2762771631476115	-1.5335951517005895	0.009036902090905711	-0.007693556351304258	-0.8609216569201809	0.9867271912377857	0.30449266651265483	-1.5326218282476893	0.4327576812750004
SYNTHETIC_0222	0.5266426476445689	-0.21578524996155815	-0.5425087151202339	0.5258392589571176	-0.7016318008166053	0.4795189757833805	0.13949300813049376	-1.5814079785721367	-0.456565563771914	0.7095656251655578	0.9161227174398712	-0.01100188269236443
SYNTHETIC_0223	0.5688228353286845	-0.520391803431257	1.1224676694746416	0.203521910223192	1.5302514873962656	-0.21981818378279494	0.14282854891199007	0.9960640945196372	1.7205385052141133	0.061526630348294434	-1.052556479844937	0.3775711882930464
SYNTHETIC_0224	0.1318761987382342	-1.0731638117428528	1.0441922749450563	-1.5555311757026296	1.3946258206539834	0.13126331785254236	1.210016249642586	-0.726083644640681	-0.4183734799399995	-0.29717507455977765	-1.0981771240076832	0.026924994307520957
SYNTHETIC_0225	-1.0760553495282998	1.0529188464456471	-1.283860312747987	-0.07860819819977713	0.2028186611714288	-0.45893183095308093	-0.3226509832678785	-0.3082412233401553	0.9501655488026082	-0.006306737745116592	-0.4607981399419132	0.3238644736424173
SYNTHETIC_0226	1.008105596773017	1.447517729868127	0.09706467886776124	0.4693302954189445	-0.257150409024396	-0.15561664363694547	-0.6320757363813757	-0.5967752341754149	0.4261929836376477	0.15333674005960182	-0.3330309110668574	-0.613381069377798
SYNTHETIC_0227	-0.8056511748260552	0.5489427019940812	1.2431895816305074	0.6583990121528949	-0.009344748060295137	-0.11262736800044759	-1.2191057848367537	1.4756928432655947	0.9365319941142507	0.5239381409269143	0.001674837469998302	-0.04767827772632577
SYNTHETIC_0228	1.1620588641571477	0.8036125467113738	0.8015602639087709	0.1895420920719324	0.45662529942275115	-1.8109374433334209	-0.7204526382590496	0.3487729799363083	-0.5774104652738888	-1.661602696696424	0.5046833521966942	2.507142518320005
SYNTHETIC_0229	1.766116692925092	0.6236725462078351	-0.39209155199371787	1.5550354997568159	1.0279592995185194	-1.7293689572393227	0.08692408023034937	-0.5224309170296274	0.6955693441141361	0.48061222925818486	0.7334385051091219	-0.40259862544225755
SYNTHETIC_0230	0.4576531304088405	0.1486688044759453	0.48958001010063074	-2.0187811698494458	1.3921735808699476	-0.5389562296763886	-1.635406565092632	-0.058203147154045	-0.7951851681041341	0.3727157086939697	-0.03403357095851139	1.1044821617104015
SYNTHETIC_0231	0.749557949582966	-0.20827559415822178	0.08602752451299686	-1.8367180047279426	-1.2947049906356776	-0.7196027431184808	-0.72943882596042	-0.9001340623075351	0.22114618565107225	1.8303250887765434	-0.3518426236282406	0.2084010449384714
SYNTHETIC_0232	1.0851092099790285	0.9170748948663378	1.4495174678721108	1.3460643890285076	1.5475165418094052	0.3556446544447061	-1.1668498395754998	0.8883195331710452	-1.7731610206759223	-0.37559188787782877	0.8979085906990281	1.9859853553025106
SYNTHETIC_0233	-1.9704386661183495	0.4194473762218247	0.9442353450535579	1.6140635835290444	1.5415944105392103	-0.17042558260516166	1.6576039214188028	-0.8638039240244761	0.7922603647631841	-2.077926070712831	1.173208821168747	-1.857007533403732
SYNTHETIC_0234	-0.8957061118535882	0.5859014908725299	0.43018189400639684	-0.7561568795578458	1.216105595780977	-0.7457171500200083	-1.488849363932209	1.744840440730504	0.7418689662331749	0.052447586614450814	1.6893199581481495	1.322231370290102
SYNTHETIC_0235	0.04812137755118967	-1.2453384506373402	0.31001802103317794	-1.1183735567135418	-0.8277547234739923	-1.894116469107453	-1.438012485217033	0.7196821843958775	-0.18091559103772378	0.0028396769897627233	0.26731412413978084	0.09139914777624326
SYNTHETIC_0236	-0.8466142716092492	-0.7186555542545275	-0.7712583101033764	-1.4698963119731392	-0.16283544405338474	-0.6788468624767333	-0.33993072600797913	-1.5300823762417293	1.0816446270880813	-1.7663264121789513	0.8637699253016652	-0.2132560675190947
SYNTHETIC_0237	-0.29099765695205015	0.03660656953321846	-0.7507375389390515	0.6232664421381254	0.686083855413734	2.173998623309498	0.7051476840604968	0.5490895160206843	-1.8995460960011639	-0.8581796769099188	1.1292419006117187	0.964571005956985
SYNTHETIC_0238	0.30605970266185034	0.3842976877527414	0.33665120303938534	0.08016900689902517	1.1771113859573492	0.48426275669802	-0.3496315648518019	0.8453227082559839	-0.5976058120442939	0.9851821042404478	-0.5499374902572228	-0.7345996129884256
SYNTHETIC_0239	-1.24891627032349	0.7217278375247473	-0.22027883977090335	0.663046821695302	-1.289811673817743	0.4083357444232891	-0.12014066923399375	-1.3371895382419083	0.605029509965036	0.5570765143060743	-1.0894182733427553	-0.1671245657121872
SYNTHETIC_0240	-0.4095434183624299	-1.0194020980317644	-0.6869470007603378	-0.6161384193585517	-0.6020176435269703	1.1421207369672863	0.6771806743716534	-0.014046419538660095	-1.0966698629956162	-0.6199950411357883	0.9123919379351171	0.28604219924759644
SYNTHETIC_0241	0.8412623195111297	0.32823974751610835	-0.12727228059975143	0.30177493218602147	1.2190938331688668	0.49678012230655627	-0.5530558267999468	0.4851558607609088	2.0008882987294396	-1.562536408202716	1.2547014779516383	-1.2307975702927154
SYNTHETIC_0242	-0.3698256911166903	0.43462709733926086	-0.7577140943207551	-0.21425932926627286	1.0226651665204933	-0.3470259486990468	0.6608447522771097	1.0177461361613036	0.9253509539827584	-0.16309628951404806	-0.45955471559058775	-0.387321141558528
SYNTHETIC_0243	-1.6143096779265331	-0.9766756396641771	0.48605957965019503	1.4732376279537451	-0.5364320423027069	-0.7632676643614915	-0.02953132721163654	-0.06651822298343027	-0.4181102325953481	-1.0006918697810385	-0.113476637984526	-0.8580285450714233
SYNTHETIC_0244	-1.055261427452552	-0.9257111256914871	-0.20551112166538738	0.1546017896204096	-0.9983330291314699	1.70374806621369	-0.4140855222502837	-2.1730848684689836	0.5282284092872244	-0.5750754460616792	0.49629797708233764	-0.0548387082185728
SYNTHETIC_0245	0.302671792294653	1.6071537928145614	0.24097759067755412	0.944447179682717	-0.6963503482984833	-0.7384494330657375	0.7678845899085746	3.055795828595351	-0.785833445678256	-1.128084316281673	0.12495072426069048	0.9140486242245547
SYNTHETIC_0246	0.031196957911615697	0.5068027958116923	1.171767155714664	1.1179821177260254	-0.15037341905771484	0.29830979815744546	0.3844448936541649	-0.8270147850257168	0.08680179056973433	0.7977522981913383	0.7858404874619521	0.7738667311078081
SYNTHETIC_0247	0.17732758843016194	1.6389703462949075	-0.4651976454964144	-0.9232824948486353	1.7097059417913874	0.5963818559079271	1.2230622320624773	1.9807364807147785	-0.7306641924816115	-1.3115797362153037	-0.4684473366997957	-1.1882155717816365
SYNTHETIC_0248	0.2313515871839823	0.8334102185297704	1.5764003283445915	-0.19564767196177685	0.7031804104134164	-0.6213956124037735	0.9576632085045078	1.1994763186082948	-0.12480908551362102	0.4376765978737834	0.011263511427146242	-0.012371981473777926
SYNTHETIC_0249	-0.15478512941412198	-0.07022837284048784	0.21196568187003367	0.7531647843030319	0.9751282098906525	0.5124324747130916	0.25824779406889126	-0.08115273053909715	1.0720065913872145	1.3101782215319913	0.7385365065261412	0.5378081061152927
SYNTHETIC_0250	-0.021912865463509956	1.258554094235402	-0.5711292916848618	0.9239340412418108	0.07906856972641614	0.42302185051593905	1.785056709063204	-0.6025493639584865	1.0615201213036538	-0.8051619687517013	1.676905740127905	-1.8068211704937553
SYNTHETIC_0251	-0.3625586930714052	0.5079238671231585	0.9869756803017282	-0.4750432420597577	-1.2097085818106077	-0.5942408206963001	0.44975190461357345	0.021238451888110892	1.3367048986808114	-0.8559921894612632	0.48975002200203194	-0.5612782024263862
SYNTHETIC_0252	-0.7219275082058254	-0.012858307778912715	1.9266510775355727	-0.6359917800517876	1.38922043274196	-3.0992422352656215	-0.6476892853354606	-0.1014722099730983	1.4325807216468969	-0.6248190343425211	0.7491586426660553	0.24267144098289886
SYNTHETIC_0253	1.4201323921511264	-0.27331122105596994	0.5258850273888654	0.9049769662714664	-0.8734888657528509	-1.1118514676297215	-0.403491751788861	-0.43682537198138205	-0.5185939560971781	0.5289472712707305	1.3143785986045249	-0.03583695389039142
SYNTHETIC_0254	0.6651731555174738	-0.08154469838570758	-0.5808702463753928	1.5732080418432544	0.2603169426402132	-0.30741081636292544	-1.2044604514781427	-0.655214865296939	-0.18936040456975373	0.8069890579016636	0.6913740129692298	-0.2945227223552491
SYNTHETIC_0255	-0.3940853459102913	-0.7630871706772346	0.5358806791877144	-0.8069468040679061	-0.11898622367868072	1.4552283352003228	-0.9799012663359966	0.5161526255522474	-0.6278871578005715	2.1775432827133536	1.1140315775901564	-0.5613143831860969
SYNTHETIC_0256	-1.1976519472378708	-1.3559635357490951	-0.4638701229156064	-1.8754134797539033	0.12297563445796829	1.0176966788349817	-1.4749274051293673	2.317762392662641	-0.15752312911233474	-2.949854408154699	-1.1105086533400972	0.84993692644352
SYNTHETIC_0257	-0.4909199544901161	0.08543341521096817	0.1407029200731318	0.7373889876348272	1.5224229179664075	0.7822129505645413	0.7297719849563021	0.9857490494319637	1.3963885134385479	-0.5425065161988617	-1.6821050645757172	-0.38410291681448255
SYNTHETIC_0258	0.08492971055961474	0.5298117506461429	1.2374671475162928	0.6440452393631507	1.2607774593098975	-1.1575755396821679	0.09012129766407247	-0.27872316812848946	-0.7747288899416489	-0.5305494363309474	-1.100505506612164	0.29780963087875584
SYNTHETIC_0259	0.4885711656145483	1.4939092020469134	1.0303104775098983	-0.18398426783695526	1.629194393441003	1.2220357122476782	0.6541081348460547	-2.302781001861281	0.15304736310456907	0.43043704425994894	-2.1843507442242225	-0.1289121760081137
SYNTHETIC_0260	0.228631130930116	1.1018871056458368	0.5601464301775797	1.3522260374761397	-1.2327001024150925	0.24407652810686592	-0.6782641593856616	2.4502479565586635	1.6162421218649556	0.9716153485687513	-1.1171617327585912	-0.532681532035151
SYNTHETIC_0261	0.7713631139022966	1.222638992693144	0.7249340487442177	-1.254201276086857	-1.617365765355655	0.8524094461082581	-1.0469626378397106	0.25386603230385185	-0.6915595510820781	0.273909472189363	-0.14872964100285924	1.224135785979203
SYNTHETIC_0262	0.12297756017054484	0.46578307159898463	0.5374140382942538	1.1656061794739532	-1.8247673406016027	0.44024969958477506	0.8493874492188621	1.3587266757139793	-0.35076040940681	-0.15304799260954857	-1.0099289056997942	1.4329442092635924
SYNTHETIC_0263	1.3189812699010022	0.7386544649773489	0.9316148278111918	-1.1005024006066897	1.2859742272091779	-0.15491789941657008	0.7379321156393713	0.5901179040190301	1.8154574071588618	1.117259066205674	0.4287606276508129	0.9653080108375758
SYNTHETIC_0264	0.1942795227658104	-1.0599998278722185	1.077903749501981	1.5978326897805248	0.608358927676459	0.16976909459395964	0.010948558936190384	1.144285292184252	-1.7336692387234471	1.1249127730260498	-0.7635580733250774	1.6658299964171148
SYNTHETIC_0265	1.2064222055550822	0.6356264298760163	-0.5998233604584382	1.247924088258771	-0.9154976624889434	-0.22914951249550577	0.5115360254951941	-0.324220868426125	0.8443808350162278	0.4912218674182238	-0.023104992103015268	0.8275228435093732
SYNTHETIC_0266	0.31477049619734626	-1.1107359624281483	0.7241511449292504	-0.3148146554489867	1.3057078889015075	0.5637438225399337	1.1509482081155866	1.119403622864479	0.24970801236590623	1.456806149917508	-1.438219122381599	0.9715084216434804
SYNTHETIC_0267	-0.6825172591133373	-0.15313358880084366	0.713850654499339	-0.5251353083804342	-1.3169049807050215	0.2324314023712795	0.9100783037725675	-1.5566229368953328	-0.6286536433638672	-0.21039306454111523	0.5250183556176218	-1.1055994057132805
SYNTHETIC_0268	-0.8564331020646988	-1.3906763059530494	-0.7434103993921793	0.8087077874516766	0.34120299671227927	2.0911859056930395	-1.5574035787646734	0.07133174033351	-0.4761866369386618	-0.7154559647371301	0.9201978102904131	1.417866308431599
SYNTHETIC_0269	-0.2713115707028504	-0.04060445794040018	0.7399137994765642	0.5730119509993236	-0.09692112023140642	-0.33782498914283526	0.7680616658220716	0.31789091918287965	0.7221162539393283	-0.4613467409242864	-0.4334943434829916	-1.612476392360428
SYNTHETIC_0270	0.16364014322023812	-0.06501788899786322	1.106711740778995	0.7005704881796128	-1.9194653727372861	0.8348307903261522	-0.0673344593509097	-0.7044707915241933	0.9540286631859858	-0.7700483585389535	-0.5780757168183531	-1.5913405407602386
SYNTHETIC_0271	0.8335223677851095	0.6972059809634522	0.5460386240327867	1.94392415075897	-0.7487647424826516	0.7339791777755025	-0.160585808640074	0.17259585863339916	-1.8434520851416003	0.8148606414754321	0.7295096637673839	-0.6011449414723677
SYNTHETIC_0272	0.5407715058553945	-0.42703446823503377	1.2818046989798915	0.06321845074313359	0.5870693487126972	0.9215657790061752	0.21121303328807167	-0.0469378315508227	-0.15713714396995485	0.694579166535067	0.8762375854225689	-0.12749925329202147
SYNTHETIC_0273	0.2782450874660982	-0.07752980938494276	0.535760309588822	-0.752319450755671	0.5585105432725394	0.4376402887813185	2.5006603067864717	-1.0889692230583599	-1.6475608525051215	-1.4287623237864677	-1.2190058691701386	-0.27137948567163356
SYNTHETIC_0274	-0.4412667988207164	1.6680742606809216	0.6153982640158159	-0.03325561274394627	1.279540061282679	-2.664667535728045	-0.1901436800852437	0.4344856472539499	0.18570623906850142	-1.6223427447018186	-1.2934551529404863	0.2050725384350315
SYNTHETIC_0275	1.7721279869070619	0.1862953159227935	1.9977343313612277	-1.5064677379665328	0.23352690855742383	0.19772966206040168	-0.5709117842207576	0.2670207815772791	1.540490522468842	0.663673484054787	1.5529125276125066	0.17759432240031414
SYNTHETIC_0276	1.2421551632756105	0.2796700176158158	-2.376099437870536	1.0835525632516163	0.8117032033451643	-0.6231609702597173	-0.6241267651336442	1.4043464147648286	0.2128621664611918	1.1152890869463212	-0.4647559617243584	0.7466532468298585
SYNTHETIC_0277	-0.9823441152439132	-0.49348009109081975	1.167035907493489	-1.2967201846930458	-0.5767731715856764	-0.666895596177348	1.209125183069256	-0.19705588379235595	-1.346057638782545	0.6441127718268138	1.8520828275021468	-0.06457842667158468
SYNTHETIC_0278	-0.5841215592408211	0.02044352159413725	-0.3529062145651453	-1.1556457525291575	0.27966080774550783	-1.1362922106065463	-0.14287664006501755	1.5877854483972291	-0.8136013056910026	-0.5599063981760177	1.6262900109965108	0.5761006671666206
SYNTHETIC_0279	1.7599552146377122	0.13947061031457317	-0.4565694142200543	-0.5448746262244695	0.3521296328435298	-1.024210607191123	0.19592003275176656	-0.4993126323654978	-0.7410932031034531	-1.357189470250468	-0.04873589621102123	0.023209198990782692
SYNTHETIC_0280	0.7450208914496498	-0.04532776262404038	1.04698344305241	0.1417728180239429	-0.4945903219290763	-0.050191592143726156	0.7573441779027422	-2.0349551648814144	1.3632786687034102	1.3943964689700783	-0.2865121464167976	0.45333778184010026
SYNTHETIC_0281	-0.5120870602917686	1.2185620767506393	-0.38563615555477243	0.327907143562294	-0.10907270406746955	0.43939516792121647	-1.0493117538184147	1.5070809807770522	0.6389408978346565	0.9931526745921343	0.6096903994043126	1.883422152128359
SYNTHETIC_0282	-0.31537400850121244	-0.1870592455887456	-2.4411579487474464	0.12050518158919497	-0.38807796713048315	0.037495488443710916	0.14223714476399563	-0.5696007211827819	-0.722700280471046	0.5433855211842386	0.4871922944304388	-0.5954965048758785
SYNTHETIC_0283	0.09664672198313612	0.4308882724864316	-0.09249368072506152	1.2401978212976708	0.2665921506213025	-0.831540770203108	-1.0192980135481189	-0.7446102286929366	-0.2658343830365212	-0.33566634436095316	-0.45695424915071264	0.685523829688659
SYNTHETIC_0284	-0.8772627095988903	-0.9750224843878353	-0.8814193923898349	0.6394893067258828	1.1853815053750876	1.4238239599716622	-0.6753923144077291	-0.3727887029142297	1.5026040151281925	0.40192742227207207	-0.298869939166818	0.7626999269409616
SYNTHETIC_0285	0.5673714717659624	-1.1434794244410982	-0.9491222031504194	-0.35920208115832813	0.7301141020358064	1.218276724954188	-0.20364367986536375	-1.1257533867690823	-1.1705978349804298	0.9475992167076254	1.0262965871036822	-1.916652091048334
SYNTHETIC_0286	0.6241752935486599	-0.7562899806727331	1.7317920216907794	-2.211831397659896	0.29299932519238975	1.1518967119589365	-0.17959309352754646	-0.8042385866265369	-1.625151669611108	0.5118453005607684	-0.831564731773876	0.27522243195338353
SYNTHETIC_0287	1.889397389040955	1.3846853514117825	-0.09312564312350002	-0.49733498904939627	0.12184016216670071	-0.49744415191679175	-1.977712658516369	0.5984898266803826	1.4127513826917462	-0.6717583789955293	-0.9092972000351891	-0.8551805244735046
SYNTHETIC_0288	-1.3275540976806075	0.8357234373647637	-0.1131824433956051	-0.9877112435015079	1.4817144633088042	-0.18538143535895113	0.6768679633929934	-1.2634041023906404	1.707839266522487	-1.2407462512243936	-0.7332537849131333	-0.39519995523664575
SYNTHETIC_0289	0.656518988001446	0.758653370521035	-1.7779506692592006	0.09605598054761158	0.6251012324799828	-0.2965841547162368	0.6256359383882164	-0.6503849363265037	2.6709938786579843	0.2006723623484412	-0.7094335800507111	0.38243745170167365
SYNTHETIC_0290	-0.2638023631701246	0.4597977790573287	-0.4355409960087789	0.5574107227976587	0.8136491892609381	0.25099799331808736	0.8057636078785524	-0.290721957027582	-0.7678748441522045	-0.11332943726452127	0.7597605948346524	0.4337093129626946
SYNTHETIC_0291	0.9516652046516808	0.23404145713481608	1.3013559712365688	-0.21220845084698153	-1.0292040938481462	1.1451302694040189	-0.16642140289153454	-0.6119629712661037	-0.10054887392766453	0.5060530817117127	-1.3826682307891738	0.6116516484932568
SYNTHETIC_0292	-0.2194148661731101	-0.2899000893425339	1.5129981083051018	-0.6313407917843336	-0.32159424115429275	0.33966764058018845	-0.8722921941643221	-0.2894667028377252	0.9127481984521651	-0.6887395915137431	0.4705292049034375	-0.08941431433416237
SYNTHETIC_0293	-0.12557844643627508	-0.20663699930176613	-0.539741133198662	0.5949037353056342	0.4670230237936556	1.5297941493345455	0.4052164829477596	-1.3798051817136812	-0.1970449170654053	0.18111247314968362	-0.05413597344480992	-0.5701820654960825
SYNTHETIC_0294	-2.520910290271931	-0.6986984650539594	0.901739401513181	0.006094097688377079	-0.18053519705263057	-0.3543982202334379	0.728358802430564	-0.985074751926227	-0.09400616151303823	0.33484924138108096	0.07215156400203677	-1.3314538163058205
SYNTHETIC_0295	0.05671178667305232	1.289088110937141	0.4562444785796929	0.3903521594857416	0.17408718702481554	0.7599302611296463	-0.8315257380305745	-1.5601206399015914	0.5692546529647523	-0.2622210265291299	-0.1104478219609478	0.5196745141798208
SYNTHETIC_0296	0.8195493973416209	-1.1343539502170905	-0.1846432466837945	-0.45343377945453933	-0.9532464018070488	-0.6470108292507009	-0.4979036910511996	-1.5341534356941684	-0.8744928350827168	0.811070721735099	-0.2043745605768768	-0.03580163986029645
SYNTHETIC_0297	-1.8450835600402948	0.42714311826389595	0.5478293136686163	-0.4386096986186964	1.164174523403995	1.6775207077431618	0.4153388179352939	0.6201973982725539	0.39544252673903657	-0.4981079175288453	1.7076171496398136	1.682509878721806
SYNTHETIC_0298	-1.1590660766170915	1.7882755827104366	-0.10926735541269424	0.6097566241653555	1.5344011807657598	0.2675679102085978	-0.7628693964321318	-0.8055964629097061	-1.2634940148658482	1.7441129247438771	0.8847011473466639	0.1296620834534499
SYNTHETIC_0299	0.7257976077516193	-0.13153108574363126	-0.6942169454641751	-0.9502343946992671	-0.050741830160098214	-0.09561303072941706	0.4491103424879065	0.8668035292830966	0.8134620804700579	0.09022572476427367	0.9739713192532368	0.7219126845098213
SYNTHETIC_0300	-0.20134029503367468	0.05395337774984587	-0.24994244170901456	0.7890382841135392	-0.01549603182833511	0.22564711918328673	0.3140428694391862	0.26594446030847374	0.35558659938266773	0.017028968879886402	-0.06117534256737931	0.6826611823697263
SYNTHETIC_0301	0.8076561578947467	-1.6538617588098057	0.38951622388187873	-0.19113433075077366	1.1766882796045632	1.21999624586733	0.619262517390466	-0.5838788275364817	0.9063321305061213	-1.4464402462979673	0.37497760635462796	0.758323943315473
SYNTHETIC_0302	-0.411675634099518	1.0741675099809511	-2.296489263827378	-0.7338436713078742	-0.5096218532221845	0.5684056041060788	1.1573198005108671	0.6815255350705659	-1.3083927349837292	-1.2203186903500967	-0.9927564602189011	-0.13701527498906335
SYNTHETIC_0303	-0.4225263077257225	0.14472737977228578	0.8176573154241761	-0.998744944479237	-1.6439671809585115	0.4098359759769873	1.1764900694609117	0.12800181964787102	-0.23305509236932792	-1.8227940729529557	-0.29812707602570543	0.7075654378641194
SYNTHETIC_0304	0.7731575334705855	1.854581246220011	-0.8212843193232691	-0.08561712066093506	-0.42879263983866656	1.418023729354262	-0.22062760949649793	0.3148237151695042	-2.0169231009408244	-0.49521769187638237	0.9855480518763983	0.957643985815485
SYNTHETIC_0305	2.3052531804301823	-0.7065018178642962	0.5976748655457618	-0.8052981659327753	1.4276247360785872	2.3371314379493096	0.9159114677323912	1.5747073111020797	-1.09739853328824	-1.103514255727084	-1.456182160980223	-0.9848673171983939
SYNTHETIC_0306	0.18612277869470906	-1.3713694910519572	-0.3918628116090204	-0.3706011208286072	-2.2145217689904735	-1.8253976096852917	0.26132423780186087	-0.7983652204740747	-0.2599960312565195	1.9529848130614114	1.9684769262673802	0.6490335172933479
SYNTHETIC_0307	0.11517012328301868	0.7128896826282415	-0.6475725171576558	-0.21088291746867918	0.2895646848343816	2.2860441373361304	0.5928376508115242	-1.105140914753037	-1.0060660456456596	-0.8002072157159222	-0.6409515487116203	1.1966241259733814
SYNTHETIC_0308	-0.9163141179689996	-0.07079482864617549	1.2303783542933395	0.6372177322005723	0.7565042198666608	-0.6486562398714861	-0.7171917791701077	0.7702701668880467	0.7363804685850979	-2.356718632015462	0.5374522081352047	-0.8447814447366181
SYNTHETIC_0309	-0.16215617863005782	-0.2373263462802803	-0.9116511035664748	0.7150034033680615	-0.2751087769534766	-0.10486144373753539	-0.15155519735593578	0.23274297214290424	0.44879664292342547	-0.7799910166875308	-0.7558199918000764	-0.9492783303593
SYNTHETIC_0310	1.136098728534599	0.804358292440796	-0.8426245146839295	-0.7981989477274007	-1.730888197111905	0.18639351104393956	0.888993995015242	-0.7380983303606257	1.5592525358239102	0.5872497723782425	-0.2847052594183683	-1.5604371607188114
SYNTHETIC_0311	-1.800436648776219	0.3961683743061874	0.08132047791827418	-0.8131996379444146	0.08481000560155896	-0.09904719649885707	-0.6131318163240331	-1.6036913695667399	-0.34604460995396324	0.7765306989757442	-0.531880129635337	0.7138274599186185
SYNTHETIC_0312	-2.246744588860791	0.12213137391705291	0.8323993020816284	-2.19262529651778	2.379185564818888	-0.290154452692888	0.9230653768782507	0.7629303992637172	-0.7543879555223603	1.113539661587592	0.6554878946657254	-1.024789566021049
SYNTHETIC_0313	-1.0120973091390444	-1.2502457539241358	-0.41520104908912975	1.0820809178274717	-0.48970392308774524	-0.4454613302376048	0.9397853650579356	-0.5229505535014101	0.5683496392575228	1.046388445803548	-0.38785795636042236	1.5054978209355154
SYNTHETIC_0314	-0.15509361812808886	0.3049076507501195	0.6767719244579438	-1.1014673090273273	-0.5300102404576853	0.8417822529338292	0.27582042997557554	0.35078959207613936	-0.5301207218135991	0.9785694513632233	-0.5407917514219722	-0.5431198505250181
SYNTHETIC_0315	-0.6940545806213567	1.5788706902435972	0.32977670937073034	-1.5857296691007945	0.5361724636802665	0.853789185785925	-1.264009508411426	-0.19673266569358208	1.179633985160975	0.5598958947726594	0.7332816213938459	0.7647459579346779
SYNTHETIC_0316	-1.037890173090149	-0.6264222278630917	-2.062212746575448	-1.0583926810949247	-0.687601688019983	-0.35572031198837356	-0.6650286933459242	-0.2729678733013705	0.33231208527147166	-0.33391177563158997	-0.8160089568885329	-0.3392709721288097
SYNTHETIC_0317	0.44195446339853484	0.08814650586097611	1.4590283094156717	0.8805811596549806	1.141854669893359	-0.559080832072897	-0.019813803556292513	-0.7956176093278037	0.18092235528565032	1.123912745228302	-1.6319548230588263	-0.8863067748133988
SYNTHETIC_0318	-0.060078442252102515	-0.544022258956872	-0.8117484829682035	0.7844193748974418	0.6718481506649088	0.2775697746328293	2.6861697860364795	-0.040797900045189295	1.821469443420215	-0.35211886123987257	1.0772727100600186	1.2700566455165967
SYNTHETIC_0319	0.9643626053023927	-0.8716813808043167	-2.279210515768664	-0.023264673751449975	0.671730840515302	0.5344474178505095	-0.07209259515289819	0.44802364971747355	-0.5903296933673591	0.018847780018869498	0.009237642897429706	-0.2637748141801743
SYNTHETIC_0320	-0.49404142917253996	0.45647963813069053	-0.26229640596247455	0.26610703715913053	-0.5956393176132762	0.1617349514921492	1.1794185401530557	0.2960130104132654	0.7982728444671852	-0.7232529633013072	0.6022192309478979	0.5689280737887905
