Synthetic_ID	SYNTH_chr1_100000_A_G	SYNTH_chr1_101000_A_G	SYNTH_chr1_102000_A_G	SYNTH_chr1_103000_A_G	SYNTH_chr1_104000_A_G	SYNTH_chr1_105000_A_G	SYNTH_chr1_106000_A_G	SYNTH_chr1_107000_A_G	SYNTH_chr1_108000_A_G	SYNTH_chr1_109000_A_G	SYNTH_chr1_110000_A_G	SYNTH_chr1_111000_A_G	SYNTH_chr1_112000_A_G	SYNTH_chr1_113000_A_G	SYNTH_chr1_114000_A_G	SYNTH_chr1_115000_A_G	SYNTH_chr1_116000_A_G	SYNTH_chr1_117000_A_G	SYNTH_chr1_118000_A_G	SYNTH_chr1_119000_A_G	SYNTH_chr1_120000_A_G	SYNTH_chr1_121000_A_G	SYNTH_chr1_122000_A_G	SYNTH_chr1_123000_A_G
SYNTHETIC_0001	0	0	2	1	0	0	0	1	0	0	0	0	0	1	1	1	2	0	0	1	0	1	1	0
SYNTHETIC_0002	1	1	2	0	1	0	0	0	0	0	1	1	0	0	0	0	0	1	0	1	0	0	1	1
SYNTHETIC_0003	0	0	0	0	0	0	0	0	1	1	0	0	0	1	2	2	1	2	0	0	2	0	0	1
SYNTHETIC_0004	1	0	1	0	1	1	1	1	0	0	1	0	2	0	1	1	0	0	0	0	1	0	0	1
SYNTHETIC_0005	1	0	0	0	1	0	0	1	1	0	0	1	1	0	0	1	0	0	2	0	1	0	1	0
SYNTHETIC_0006	2	1	0	0	0	1	0	1	1	1	0	1	0	0	1	2	0	2	1	0	0	0	0	0
SYNTHETIC_0007	1	0	0	1	0	1	1	2	0	1	0	0	1	1	1	1	0	0	0	0	0	1	0	0
SYNTHETIC_0008	0	0	1	1	0	0	0	1	0	1	0	1	0	0	0	1	1	1	0	0	0	0	0	1
SYNTHETIC_0009	0	0	1	1	0	0	0	1	2	1	0	1	0	0	1	1	1	1	1	0	0	0	0	0
SYNTHETIC_0010	1	1	1	2	0	1	1	0	1	1	0	1	0	0	1	1	2	0	1	0	1	0	0	0
SYNTHETIC_0011	0	0	1	0	1	0	0	0	0	1	1	0	2	1	1	1	0	0	1	0	1	0	1	1
SYNTHETIC_0012	0	0	1	0	0	2	1	0	1	0	1	0	0	1	1	0	0	0	1	0	0	0	0	2
SYNTHETIC_0013	0	0	1	0	0	2	0	0	1	0	1	1	1	0	1	0	1	2	1	1	1	1	0	0
SYNTHETIC_0014	0	0	0	1	1	1	0	0	1	1	0	0	2	2	1	2	1	0	0	0	1	1	0	0
SYNTHETIC_0015	1	0	1	0	0	0	2	2	0	2	0	1	2	0	1	0	0	1	1	0	0	0	0	0
SYNTHETIC_0016	0	0	0	1	0	1	2	1	0	0	1	0	0	2	0	1	0	0	2	0	0	1	1	1
SYNTHETIC_0017	1	1	1	1	1	2	0	1	0	0	2	1	1	0	0	2	1	0	0	0	0	0	1	1
SYNTHETIC_0018	0	0	0	0	0	0	0	0	1	1	0	0	0	0	1	1	1	1	0	0	1	0	0	1
SYNTHETIC_0019	0	0	0	0	0	0	0	2	0	1	0	0	1	0	1	0	1	1	1	1	0	0	0	0
SYNTHETIC_0020	0	1	2	0	0	1	0	0	0	0	0	0	0	0	1	0	0	0	0	0	0	0	0	0
SYNTHETIC_0021	0	0	0	0	0	1	0	0	1	1	1	0	0	1	1	0	2	0	0	0	1	0	0	1
SYNTHETIC_0022	1	0	2	1	0	0	1	1	2	1	1	2	0	1	0	1	2	0	0	1	0	0	0	0
SYNTHETIC_0023	1	0	0	0	0	2	1	0	1	0	0	1	0	1	1	1	1	0	1	1	0	0	1	1
SYNTHETIC_0024	1	0	0	0	0	1	0	2	0	0	1	0	2	1	1	1	1	0	0	1	0	1	1	1
SYNTHETIC_0025	0	0	1	2	1	0	0	1	2	0	0	0	0	0	0	2	2	0	1	0	1	1	0	0
SYNTHETIC_0026	0	0	1	0	1	1	1	2	1	0	0	0	0	1	0	2	1	1	2	0	0	1	1	1
SYNTHETIC_0027	0	1	2	2	1	0	0	1	2	1	1	0	0	1	1	0	0	1	1	0	1	0	1	0
SYNTHETIC_0028	0	1	1	0	0	1	0	0	1	0	1	1	1	0	1	2	0	2	0	0	1	0	1	1
SYNTHETIC_0029	1	0	0	0	0	0	0	2	1	1	0	0	0	0	2	2	1	1	1	0	0	0	1	1
SYNTHETIC_0030	0	0	1	0	0	2	0	1	1	0	0	0	0	0	0	1	1	1	2	0	0	0	1	0
SYNTHETIC_0031	1	0	2	1	1	1	0	1	0	0	1	0	0	1	1	2	0	0	1	0	2	1	0	0
SYNTHETIC_0032	0	0	1	0	2	1	1	0	0	0	0	0	1	2	0	1	0	0	0	1	0	1	0	1
SYNTHETIC_0033	0	0	1	1	0	0	0	1	1	0	0	1	0	0	1	0	1	0	1	1	1	0	0	1
SYNTHETIC_0034	0	0	1	1	0	1	0	0	1	1	0	0	1	1	1	2	0	0	0	1	0	0	1	0
SYNTHETIC_0035	0	0	0	0	1	1	0	0	0	1	0	0	1	1	1	0	1	0	0	1	0	0	0	0
SYNTHETIC_0036	0	1	0	0	0	2	1	0	0	1	1	1	0	0	2	1	1	1	1	0	0	1	1	0
SYNTHETIC_0037	0	0	0	0	1	0	1	0	1	1	0	0	0	0	0	1	0	0	1	1	0	0	0	0
SYNTHETIC_0038	0	0	0	1	0	1	2	1	1	0	2	0	0	0	0	1	1	0	0	0	0	1	0	1
SYNTHETIC_0039	1	1	0	2	1	1	0	0	1	0	0	0	0	1	0	1	2	0	0	0	0	1	0	1
SYNTHETIC_0040	1	1	0	0	1	0	2	0	0	2	1	0	0	0	1	0	1	2	1	0	0	0	0	0
SYNTHETIC_0041	0	0	1	1	0	0	2	2	2	1	0	0	0	1	1	0	0	0	0	2	0	1	0	2
SYNTHETIC_0042	1	0	1	0	1	0	2	1	1	0	0	0	2	1	2	0	1	0	0	2	0	0	1	1
SYNTHETIC_0043	1	0	0	1	2	1	1	2	0	0	1	0	0	0	0	1	1	1	1	0	0	0	0	1
SYNTHETIC_0044	0	0	1	1	0	1	0	1	0	2	0	0	0	0	0	0	1	0	1	1	0	0	0	0
SYNTHETIC_0045	1	0	0	1	1	2	0	0	0	1	1	0	0	2	0	2	2	1	1	0	0	0	1	1
SYNTHETIC_0046	1	1	1	0	1	0	0	2	1	0	0	1	0	0	1	1	1	0	0	1	0	0	0	0
SYNTHETIC_0047	0	0	0	0	0	2	0	1	0	0	1	0	0	2	1	1	1	1	0	1	0	0	0	1
SYNTHETIC_0048	0	1	1	1	0	0	1	0	1	0	0	0	0	1	1	1	1	1	1	1	1	0	1	0
SYNTHETIC_0049	0	0	1	0	2	0	1	0	1	1	1	0	1	2	1	0	0	1	0	2	1	0	0	0
SYNTHETIC_0050	1	0	1	0	0	0	1	2	0	1	1	0	0	1	2	1	1	0	1	1	0	1	1	1
SYNTHETIC_0051	1	0	0	1	1	0	1	1	0	1	1	0	2	0	1	2	0	1	0	0	0	1	1	0
SYNTHETIC_0052	2	0	1	0	0	0	0	1	2	1	1	0	1	0	2	1	0	1	1	1	1	1	1	0
SYNTHETIC_0053	0	1	1	0	0	0	0	1	0	0	0	1	1	0	1	0	0	0	2	1	0	0	0	1
SYNTHETIC_0054	0	0	2	0	0	0	0	0	1	1	1	1	0	0	0	1	0	1	0	1	0	0	1	2
SYNTHETIC_0055	1	1	1	2	2	2	1	1	1	0	1	1	1	0	1	1	1	1	0	0	0	0	0	1
SYNTHETIC_0056	0	0	0	0	2	1	2	2	1	0	0	0	0	1	1	1	1	1	1	0	1	0	2	1
SYNTHETIC_0057	0	0	0	1	1	1	1	0	2	1	0	2	0	0	0	1	0	1	0	0	0	0	0	0
SYNTHETIC_0058	0	0	1	1	0	0	0	1	0	0	0	0	0	0	0	1	1	1	0	1	0	0	1	0
SYNTHETIC_0059	0	0	0	1	0	1	0	1	1	2	0	0	0	2	1	2	0	0	0	1	1	0	0	0
SYNTHETIC_0060	1	1	1	0	2	0	0	2	1	0	0	0	0	1	1	0	2	0	0	0	0	1	1	1
SYNTHETIC_0061	0	0	1	0	0	0	1	2	2	0	0	0	0	1	1	1	0	0	1	0	1	1	0	1
SYNTHETIC_0062	0	0	1	0	0	0	0	0	1	1	0	0	0	0	0	1	1	1	1	0	1	0	1	1
SYNTHETIC_0063	0	0	1	0	0	1	1	0	1	1	1	0	0	2	0	0	0	1	0	0	1	0	0	0
SYNTHETIC_0064	0	0	1	0	1	1	1	1	2	2	0	0	0	1	1	1	2	1	0	0	0	0	0	0
SYNTHETIC_0065	1	0	1	1	0	1	0	0	1	1	0	1	0	0	0	0	0	1	0	1	0	0	1	0
SYNTHETIC_0066	0	0	0	1	1	0	1	1	1	1	0	1	0	0	1	0	1	0	0	0	0	1	1	0
SYNTHETIC_0067	0	1	1	1	1	0	1	0	0	1	1	0	0	0	0	1	2	0	1	0	0	0	1	1
SYNTHETIC_0068	1	0	1	2	0	0	1	0	0	1	1	0	1	2	1	0	1	0	1	0	1	0	1	1
SYNTHETIC_0069	1	0	1	1	0	1	1	0	1	0	0	1	1	1	0	2	0	0	0	0	0	0	1	1
SYNTHETIC_0070	0	0	1	0	1	1	0	0	0	0	1	0	1	1	0	1	1	0	0	2	0	0	1	2
SYNTHETIC_0071	1	0	2	0	1	0	0	1	0	0	1	0	0	0	0	0	2	1	1	1	0	0	1	2
SYNTHETIC_0072	0	1	0	0	0	1	0	1	1	1	0	0	2	1	2	2	0	1	1	1	0	0	0	0
SYNTHETIC_0073	0	1	2	0	0	1	2	0	0	0	1	2	0	2	1	0	1	1	2	0	0	0	1	1
SYNTHETIC_0074	1	0	2	1	0	0	2	1	2	0	0	0	1	0	1	0	1	0	1	0	1	0	2	0
SYNTHETIC_0075	0	2	0	0	0	0	0	1	1	2	0	0	1	1	1	1	0	1	0	0	1	0	0	1
SYNTHETIC_0076	0	0	1	0	0	1	1	2	0	1	1	1	1	0	0	1	1	1	0	1	0	0	1	1
SYNTHETIC_0077	0	0	0	2	0	0	1	0	1	0	2	0	0	1	1	0	2	0	0	0	0	0	0	1
SYNTHETIC_0078	0	0	1	0	1	0	0	0	1	0	0	1	1	1	2	0	0	1	2	0	0	0	1	1
SYNTHETIC_0079	0	0	1	0	0	0	1	1	1	1	0	2	0	1	0	1	1	0	0	0	1	0	0	0
SYNTHETIC_0080	2	0	0	0	0	2	0	1	1	0	2	1	1	0	1	1	0	0	0	0	0	1	0	0
SYNTHETIC_0081	1	0	2	0	1	1	1	0	2	0	0	0	2	0	0	1	1	0	0	0	0	0	1	1
SYNTHETIC_0082	1	0	0	1	1	0	0	1	1	1	1	0	0	1	2	0	0	0	0	0	1	0	0	1
SYNTHETIC_0083	2	0	2	0	0	1	0	1	2	0	0	0	1	1	0	0	1	1	2	0	0	0	1	1
SYNTHETIC_0084	2	0	0	0	0	0	1	0	0	1	1	0	0	1	0	1	0	0	0	1	0	0	0	0
SYNTHETIC_0085	1	1	0	0	0	0	2	1	2	0	0	0	0	0	1	0	1	0	0	0	0	0	1	2
SYNTHETIC_0086	2	0	0	1	1	2	0	1	2	0	0	1	0	1	2	1	1	0	1	0	0	0	1	0
SYNTHETIC_0087	2	0	0	1	1	0	1	2	1	0	0	0	0	0	0	0	2	2	1	1	0	0	0	0
SYNTHETIC_0088	1	0	0	0	1	0	0	0	2	0	0	0	0	0	1	0	1	1	0	1	0	1	2	0
SYNTHETIC_0089	0	2	1	0	1	0	0	0	0	1	0	1	0	2	1	1	0	1	0	0	0	0	0	2
SYNTHETIC_0090	0	0	2	1	1	0	1	1	1	0	0	1	0	1	0	1	2	0	0	0	0	1	1	0
SYNTHETIC_0091	0	0	0	0	1	1	1	0	2	0	0	0	1	0	1	0	2	1	2	0	0	0	0	2
SYNTHETIC_0092	1	0	1	0	0	1	0	1	1	0	0	1	0	0	2	0	0	2	1	0	0	0	0	1
SYNTHETIC_0093	0	1	2	0	0	1	1	2	1	0	1	2	1	1	1	1	0	1	1	0	0	0	1	0
SYNTHETIC_0094	0	0	0	1	1	0	0	2	1	0	0	1	0	0	1	1	0	0	1	1	1	1	1	0
SYNTHETIC_0095	0	0	0	0	0	0	1	1	2	0	0	2	0	1	0	0	0	0	1	0	0	1	0	1
SYNTHETIC_0096	0	0	0	0	0	2	0	0	1	0	1	0	1	1	1	0	0	1	1	0	1	0	0	1
SYNTHETIC_0097	1	0	1	0	0	1	0	1	0	1	0	0	0	0	1	0	0	0	2	0	0	0	1	1
SYNTHETIC_0098	0	0	1	0	2	0	1	1	2	0	1	1	0	0	0	0	0	0	0	1	0	1	1	1
SYNTHETIC_0099	1	0	1	2	0	1	1	0	1	0	0	0	1	1	0	1	0	0	0	1	1	1	0	0
SYNTHETIC_0100	0	0	1	0	0	0	0	1	0	0	1	0	2	1	1	2	0	0	0	0	1	0	1	1
SYNTHETIC_0101	0	0	1	1	0	1	0	0	1	0	0	1	0	0	0	1	0	1	0	0	0	0	0	0
SYNTHETIC_0102	2	0	1	0	0	0	0	0	2	0	0	0	0	1	0	1	0	0	2	1	1	1	1	1
SYNTHETIC_0103	0	0	2	1	1	2	1	1	1	0	0	0	1	0	1	2	0	1	0	0	0	0	0	0
SYNTHETIC_0104	0	0	1	1	2	1	1	0	0	1	0	0	0	1	1	1	0	0	0	0	0	0	1	0
SYNTHETIC_0105	1	0	1	0	0	2	1	1	1	1	0	1	1	0	1	0	0	0	2	0	0	0	0	0
SYNTHETIC_0106	1	0	0	0	0	1	1	2	1	1	0	0	0	0	0	2	1	0	1	1	1	0	0	0
SYNTHETIC_0107	0	0	1	0	1	1	1	1	2	1	0	1	1	2	1	1	1	0	1	0	0	0	0	2
SYNTHETIC_0108	0	0	1	0	0	1	1	1	2	0	0	0	0	1	1	0	1	1	0	1	1	1	0	1
SYNTHETIC_0109	0	0	1	0	1	2	1	0	2	0	0	0	0	1	1	2	1	0	1	0	0	0	0	0
SYNTHETIC_0110	0	1	1	0	0	2	1	2	1	2	0	1	0	1	0	2	2	1	1	0	1	0	0	0
SYNTHETIC_0111	0	1	0	1	0	1	0	1	0	1	0	0	1	0	1	1	0	2	0	0	0	1	1	1
SYNTHETIC_0112	0	0	0	1	1	1	0	1	0	0	0	0	0	1	1	0	1	0	0	1	0	1	0	2
SYNTHETIC_0113	1	0	2	0	1	0	1	1	2	0	1	0	0	0	2	2	1	0	2	0	2	1	0	1
SYNTHETIC_0114	1	0	2	0	0	1	1	2	2	0	0	0	1	0	1	0	1	0	1	0	0	0	1	0
SYNTHETIC_0115	0	0	1	1	0	1	1	1	0	0	1	0	0	0	1	1	1	1	0	1	0	1	0	0
SYNTHETIC_0116	0	0	1	1	0	0	1	1	1	1	0	1	0	1	1	1	1	1	0	0	0	0	2	0
SYNTHETIC_0117	0	0	2	1	2	1	0	0	1	1	1	0	0	0	0	2	1	0	1	0	0	0	0	1
SYNTHETIC_0118	0	0	1	1	2	1	1	1	1	1	2	1	0	1	1	1	1	1	0	0	1	0	1	1
SYNTHETIC_0119	1	0	0	1	1	2	0	1	0	1	0	0	0	0	0	1	1	1	0	1	0	0	0	0
SYNTHETIC_0120	0	0	1	0	0	0	0	2	1	0	1	0	0	0	1	1	1	0	0	0	0	0	1	1
SYNTHETIC_0121	1	0	1	1	0	1	0	0	1	0	1	0	2	1	2	1	1	0	1	0	1	0	0	0
SYNTHETIC_0122	0	0	2	1	0	2	0	1	1	0	0	0	1	0	0	1	0	1	0	0	0	0	0	1
SYNTHETIC_0123	0	0	0	0	0	1	2	0	0	0	0	0	0	0	2	1	1	0	1	1	0	0	1	0
SYNTHETIC_0124	0	0	0	1	1	1	2	0	1	0	1	0	0	1	2	2	1	0	0	0	0	0	0	0
SYNTHETIC_0125	1	0	0	0	0	1	1	0	2	1	0	0	0	1	0	0	1	0	1	0	0	0	0	0
SYNTHETIC_0126	0	0	1	1	1	0	1	0	2	0	1	0	1	0	0	0	2	0	0	1	0	0	1	1
SYNTHETIC_0127	0	0	1	1	1	1	0	1	1	0	1	0	0	0	2	0	2	0	0	0	0	2	1	0
SYNTHETIC_0128	0	0	1	1	0	1	0	1	0	0	1	1	0	1	1	0	1	1	1	1	2	0	0	1
SYNTHETIC_0129	1	0	0	0	2	1	1	0	1	2	0	0	1	1	1	0	1	1	0	0	0	0	0	0
SYNTHETIC_0130	0	0	1	2	1	0	1	2	0	2	0	0	0	0	0	1	1	1	0	0	0	1	0	1
SYNTHETIC_0131	0	1	1	1	0	1	1	1	0	1	1	0	1	1	0	2	1	1	1	0	2	1	2	0
SYNTHETIC_0132	1	0	1	2	0	0	1	1	1	1	1	1	0	1	1	1	1	1	0	1	1	0	0	1
SYNTHETIC_0133	0	0	2	0	0	1	0	1	1	0	1	0	1	0	2	2	1	0	1	1	0	0	0	0
SYNTHETIC_0134	0	1	2	2	0	1	0	0	0	0	0	0	0	1	1	1	1	0	0	0	0	0	0	1
SYNTHETIC_0135	0	1	1	0	1	0	0	1	0	0	1	0	0	0	0	1	0	0	2	0	1	0	0	0
SYNTHETIC_0136	1	0	0	1	0	0	0	0	1	1	0	0	1	0	1	2	2	0	1	0	0	0	0	1
SYNTHETIC_0137	0	0	1	0	0	0	0	0	2	1	0	0	0	0	1	1	0	0	2	0	0	1	0	2
SYNTHETIC_0138	2	0	1	0	1	0	1	0	2	1	1	0	1	0	1	1	1	1	0	0	0	0	0	1
SYNTHETIC_0139	0	0	1	0	1	0	2	0	2	1	0	0	0	1	1	2	1	0	0	0	0	2	2	0
SYNTHETIC_0140	0	0	1	0	1	1	0	2	2	1	1	0	2	0	0	1	2	0	1	0	1	0	1	0
SYNTHETIC_0141	1	0	2	0	0	0	0	1	1	0	0	0	1	1	1	1	1	0	0	0	0	0	0	0
SYNTHETIC_0142	0	0	2	0	1	1	1	0	1	1	0	1	1	2	1	2	0	1	0	1	1	1	0	1
SYNTHETIC_0143	0	1	0	1	0	1	1	0	2	1	0	0	1	1	1	0	0	0	1	0	1	1	0	0
SYNTHETIC_0144	1	0	0	0	1	0	0	1	1	0	0	0	1	0	0	1	1	0	0	1	0	0	1	0
SYNTHETIC_0145	0	0	1	0	0	0	1	1	1	1	0	0	0	1	1	1	0	1	2	1	1	0	1	0
SYNTHETIC_0146	0	0	1	0	0	0	2	2	1	0	2	1	0	0	1	0	0	1	0	1	1	0	0	2
SYNTHETIC_0147	0	1	0	0	1	0	0	1	1	1	0	0	2	1	1	2	1	1	0	1	0	0	1	0
SYNTHETIC_0148	0	0	0	0	0	1	1	0	0	0	0	1	1	1	0	1	1	1	0	1	0	0	0	0
SYNTHETIC_0149	1	0	1	1	0	0	1	0	1	0	1	0	0	1	0	0	1	0	1	0	0	1	0	2
SYNTHETIC_0150	0	1	0	0	1	0	1	1	1	1	0	0	0	0	0	2	1	0	1	0	0	0	0	0
SYNTHETIC_0151	0	0	0	1	0	1	1	1	1	1	0	0	0	0	2	1	0	0	0	0	0	0	1	0
SYNTHETIC_0152	0	0	0	1	1	1	0	1	1	0	1	0	1	0	1	0	0	1	1	0	0	0	1	0
SYNTHETIC_0153	0	0	1	0	0	0	2	0	1	1	1	0	1	0	0	2	1	1	0	0	1	0	1	1
SYNTHETIC_0154	0	0	0	1	1	1	1	1	1	0	1	0	0	0	1	0	1	0	0	1	1	1	0	1
SYNTHETIC_0155	1	0	1	0	0	0	1	1	1	0	0	0	1	1	1	1	1	0	0	1	0	0	0	2
SYNTHETIC_0156	0	0	0	0	0	0	1	1	0	0	0	0	0	1	1	1	1	0	0	0	0	1	1	0
SYNTHETIC_0157	0	1	0	0	0	1	0	1	1	1	1	0	1	1	2	2	1	1	0	0	0	1	0	0
SYNTHETIC_0158	0	0	1	0	0	1	1	0	1	0	0	0	0	0	0	1	1	1	0	0	0	0	0	0
SYNTHETIC_0159	1	1	1	0	0	0	0	2	2	0	1	1	2	0	0	1	1	1	1	0	0	0	0	1
SYNTHETIC_0160	0	0	1	1	0	1	0	2	1	0	1	0	0	0	1	1	1	0	0	0	1	0	1	1
SYNTHETIC_0161	0	0	2	0	0	1	0	2	1	0	0	1	0	0	0	1	1	1	1	0	1	0	1	2
SYNTHETIC_0162	1	0	0	0	0	1	1	0	1	0	2	1	0	1	1	1	1	0	0	0	0	1	1	1
SYNTHETIC_0163	0	0	1	1	0	0	1	2	1	0	1	0	0	1	1	1	0	1	0	0	1	0	0	0
SYNTHETIC_0164	0	0	0	0	0	2	0	1	1	1	0	0	1	1	1	1	0	0	0	0	0	0	0	1
SYNTHETIC_0165	0	1	0	1	0	1	1	0	2	1	0	0	0	0	0	2	1	0	0	0	0	0	0	0
SYNTHETIC_0166	0	0	2	0	0	0	1	1	1	0	1	0	0	0	1	1	1	0	2	2	0	1	1	2
SYNTHETIC_0167	0	1	1	0	0	1	0	2	1	1	1	0	1	1	0	1	0	0	0	0	1	0	1	0
SYNTHETIC_0168	1	0	0	0	1	1	0	2	1	1	1	2	0	1	0	0	1	0	0	0	0	0	1	1
SYNTHETIC_0169	0	1	0	1	0	0	0	2	0	0	0	0	2	1	0	0	1	0	1	1	0	0	0	1
SYNTHETIC_0170	0	0	0	1	0	1	0	2	0	0	1	0	0	0	0	1	1	0	0	0	0	1	0	0
SYNTHETIC_0171	0	0	1	1	0	1	1	1	1	0	0	0	1	0	1	1	0	0	0	0	0	0	0	0
SYNTHETIC_0172	0	0	1	1	0	1	1	0	0	0	0	1	2	1	1	1	1	0	1	0	1	0	0	0
SYNTHETIC_0173	0	0	1	1	1	1	1	0	1	0	0	0	1	1	1	0	1	1	1	1	1	0	0	1
SYNTHETIC_0174	0	0	0	0	0	0	1	0	1	1	0	0	1	1	1	0	2	0	1	0	0	0	0	1
SYNTHETIC_0175	1	0	1	1	0	1	0	0	1	0	0	1	1	0	1	1	0	0	0	0	0	0	0	1
SYNTHETIC_0176	1	0	0	0	0	1	0	1	0	0	0	0	1	1	1	1	2	1	0	1	0	1	0	1
SYNTHETIC_0177	1	0	2	0	0	1	0	1	2	0	2	0	0	0	1	2	1	0	2	0	0	0	0	0
SYNTHETIC_0178	0	0	2	0	1	1	1	2	0	1	0	1	1	0	1	0	0	0	2	0	0	0	1	0
SYNTHETIC_0179	0	1	0	0	0	0	0	0	2	2	1	0	0	0	1	1	0	0	1	0	0	0	0	1
SYNTHETIC_0180	0	0	0	1	0	0	0	1	0	0	1	0	0	0	0	1	0	0	0	0	0	0	2	1
SYNTHETIC_0181	0	1	1	1	0	2	0	0	1	0	0	0	1	0	1	1	1	0	0	0	2	0	0	1
SYNTHETIC_0182	1	0	0	0	0	0	0	1	1	0	0	0	0	0	0	1	1	1	1	1	0	0	1	1
SYNTHETIC_0183	2	0	1	1	1	1	1	1	0	1	0	1	0	0	1	0	0	0	1	1	0	1	0	0
SYNTHETIC_0184	0	0	0	1	0	0	0	1	1	0	0	1	1	1	1	1	0	0	0	0	1	0	1	0
SYNTHETIC_0185	0	0	0	0	0	1	0	2	0	0	0	0	2	1	0	1	1	0	0	1	1	0	1	0
SYNTHETIC_0186	0	0	0	2	0	1	1	1	1	0	1	0	1	1	1	1	0	0	0	1	1	1	1	0
SYNTHETIC_0187	1	0	0	0	0	1	0	1	1	0	1	0	0	0	1	0	0	0	0	1	0	0	1	0
SYNTHETIC_0188	1	0	0	0	1	0	0	0	1	1	0	0	1	0	0	2	0	0	0	1	1	0	1	1
SYNTHETIC_0189	0	0	0	0	1	0	1	1	1	1	0	1	1	1	1	2	0	1	1	0	0	0	2	1
SYNTHETIC_0190	0	0	1	1	1	1	1	1	1	1	1	0	2	0	0	1	1	2	1	0	0	0	2	0
SYNTHETIC_0191	1	0	1	1	1	1	0	1	0	1	0	0	1	0	0	2	1	1	0	0	0	1	1	2
SYNTHETIC_0192	0	0	0	1	1	0	0	1	2	1	1	0	2	2	1	1	1	1	1	0	0	1	0	1
SYNTHETIC_0193	1	0	0	1	1	1	0	2	0	2	1	1	1	1	2	0	1	0	0	0	0	0	1	0
SYNTHETIC_0194	0	0	2	1	0	0	0	0	1	0	0	0	0	0	1	0	0	2	0	0	0	1	1	1
SYNTHETIC_0195	1	0	0	1	1	0	0	2	2	0	0	1	1	0	0	2	0	1	0	1	0	0	0	0
SYNTHETIC_0196	1	0	1	1	0	1	0	0	0	1	1	1	1	1	1	1	1	0	0	0	1	0	1	0
SYNTHETIC_0197	1	0	2	1	0	2	1	2	2	0	0	0	0	2	1	0	1	0	0	1	0	0	1	0
SYNTHETIC_0198	0	0	0	1	0	1	0	1	0	0	0	2	1	0	1	1	1	0	0	0	0	0	1	0
SYNTHETIC_0199	1	0	0	0	1	2	0	0	2	0	0	1	1	0	2	1	0	0	0	1	1	0	0	0
SYNTHETIC_0200	1	0	0	2	0	2	0	2	1	0	0	1	1	1	1	1	0	0	1	0	0	0	1	2
SYNTHETIC_0201	0	0	1	2	0	0	2	1	1	1	1	0	0	0	0	1	0	1	1	0	0	0	1	2
SYNTHETIC_0202	0	0	0	0	0	0	0	0	1	1	1	0	1	0	0	1	0	0	1	1	0	0	0	0
SYNTHETIC_0203	0	0	0	1	0	1	1	2	0	1	1	0	0	2	1	1	1	0	0	0	1	0	0	2
SYNTHETIC_0204	2	0	1	0	0	1	0	1	2	0	0	0	1	0	0	0	1	1	0	0	1	0	0	0
SYNTHETIC_0205	0	0	0	0	0	0	0	2	1	2	0	0	1	2	0	2	0	1	1	0	0	1	0	0
SYNTHETIC_0206	0	2	0	1	1	1	0	1	2	0	0	0	1	0	0	1	0	1	0	0	0	0	0	2
SYNTHETIC_0207	1	0	1	0	0	1	0	2	0	0	0	1	0	1	1	1	0	0	0	0	0	0	1	1
SYNTHETIC_0208	0	0	1	0	0	2	1	0	0	0	1	0	2	1	1	0	0	2	0	0	1	1	1	0
SYNTHETIC_0209	1	0	1	1	1	2	0	0	1	1	0	2	0	1	0	1	1	0	0	0	0	0	1	1
SYNTHETIC_0210	0	0	1	1	0	0	2	1	2	0	0	2	1	2	1	1	0	0	0	0	0	1	1	0
SYNTHETIC_0211	0	0	1	1	1	1	0	2	1	1	0	0	1	1	0	0	0	1	0	0	1	0	0	0
SYNTHETIC_0212	0	1	0	0	0	1	0	0	0	1	0	0	1	0	2	2	1	2	1	0	0	0	0	1
SYNTHETIC_0213	0	0	1	0	0	1	1	1	1	1	1	0	0	0	1	0	2	0	0	0	0	1	0	1
SYNTHETIC_0214	0	0	0	1	0	1	1	1	1	0	1	0	1	2	0	0	1	0	0	1	1	0	0	1
SYNTHETIC_0215	0	0	0	0	0	1	1	2	0	1	0	0	2	0	1	2	1	1	1	0	1	0	1	0
SYNTHETIC_0216	0	0	0	0	1	1	0	0	2	1	0	0	0	0	0	1	0	0	2	0	0	0	1	1
SYNTHETIC_0217	1	0	0	1	0	1	2	0	2	0	1	0	0	2	1	1	1	0	2	0	1	0	1	1
SYNTHETIC_0218	1	0	0	2	0	1	2	1	2	1	0	0	0	1	2	1	0	1	0	0	0	0	1	0
SYNTHETIC_0219	0	0	0	0	1	1	1	1	0	1	0	0	0	2	0	2	0	0	0	1	0	1	0	1
SYNTHETIC_0220	1	0	1	1	0	1	1	1	1	0	0	1	1	0	1	0	0	0	0	1	0	0	1	0
SYNTHETIC_0221	1	1	0	1	0	0	1	1	1	0	1	0	0	0	1	1	0	2	0	0	0	0	0	2
SYNTHETIC_0222	1	0	1	0	0	0	1	0	1	0	1	0	1	0	0	1	1	0	1	1	0	1	1	0
SYNTHETIC_0223	1	0	0	0	0	0	1	2	1	0	1	1	1	1	0	1	0	1	2	0	0	1	0	0
SYNTHETIC_0224	0	0	1	0	2	1	1	1	1	0	1	0	1	0	0	0	1	1	2	0	0	0	1	1
SYNTHETIC_0225	0	0	1	1	0	0	1	1	1	0	1	0	0	0	1	1	0	2	1	0	0	0	1	0
SYNTHETIC_0226	1	0	0	1	0	0	1	1	2	1	0	1	2	0	1	1	2	1	1	0	0	0	1	0
SYNTHETIC_0227	0	0	0	0	1	0	2	1	1	1	0	1	1	0	2	0	1	1	1	0	0	1	0	0
SYNTHETIC_0228	0	0	1	1	1	0	0	1	0	0	1	0	0	0	1	2	0	0	1	1	0	0	0	1
SYNTHETIC_0229	2	0	1	1	1	2	1	2	1	0	0	1	0	1	1	2	1	1	0	0	0	0	1	0
SYNTHETIC_0230	2	0	2	0	0	1	0	1	0	0	1	1	1	1	1	0	1	0	0	1	0	0	1	2
SYNTHETIC_0231	0	0	1	1	0	0	1	1	0	1	1	0	1	1	0	2	1	0	0	1	0	0	0	1
SYNTHETIC_0232	1	1	0	0	1	0	1	1	1	1	1	1	1	1	0	0	1	1	0	0	0	0	0	0
SYNTHETIC_0233	0	0	1	1	1	0	1	1	0	1	1	0	0	1	1	1	0	0	1	1	0	1	1	1
SYNTHETIC_0234	0	1	1	1	1	1	0	1	0	0	0	1	1	1	0	0	1	0	0	0	0	1	0	1
SYNTHETIC_0235	0	0	1	0	0	0	0	1	0	0	0	1	0	2	2	1	1	0	0	0	1	0	1	0
SYNTHETIC_0236	0	0	0	1	1	1	1	0	1	1	2	1	2	0	0	0	1	1	1	1	1	0	0	1
SYNTHETIC_0237	0	0	1	1	0	2	0	1	0	1	1	0	1	1	0	1	1	1	0	0	0	0	0	0
SYNTHETIC_0238	1	1	1	0	0	1	2	1	0	0	0	0	1	0	2	1	0	0	0	0	1	0	0	0
SYNTHETIC_0239	0	0	2	0	0	0	1	1	1	0	0	0	0	0	1	1	2	1	0	1	0	0	1	0
SYNTHETIC_0240	0	0	0	0	0	0	1	1	1	0	0	0	0	0	1	2	0	0	0	0	1	0	0	0
SYNTHETIC_0241	1	0	0	0	1	1	1	1	1	1	0	0	0	0	1	1	1	1	1	1	1	0	0	0
SYNTHETIC_0242	0	0	2	0	0	0	2	0	1	2	0	0	1	1	1	1	0	1	1	0	0	0	1	1
SYNTHETIC_0243	0	0	0	0	0	2	1	0	1	1	0	0	1	0	2	0	0	0	0	1	1	0	1	0
SYNTHETIC_0244	1	1	1	1	0	1	0	0	0	0	1	0	0	1	0	1	1	0	0	1	1	1	0	0
SYNTHETIC_0245	0	0	0	0	2	0	0	0	0	1	0	0	0	0	1	1	0	0	0	0	0	0	0	0
SYNTHETIC_0246	0	1	1	0	0	1	1	0	2	2	1	0	0	0	0	1	1	0	1	0	0	0	0	1
SYNTHETIC_0247	1	0	1	1	1	1	1	2	0	1	1	1	0	2	1	1	0	0	0	1	0	0	1	2
SYNTHETIC_0248	0	1	0	1	0	0	0	1	1	1	1	0	1	0	0	2	0	0	1	1	0	1	0	1
SYNTHETIC_0249	0	0	1	0	0	0	1	1	2	0	0	1	0	1	0	2	1	1	2	0	0	0	1	0
SYNTHETIC_0250	0	1	2	0	1	1	1	2	2	0	0	2	0	1	1	0	1	0	0	0	0	0	1	0
SYNTHETIC_0251	0	2	1	0	0	1	1	2	1	1	0	0	0	1	2	1	1	1	2	0	0	2	1	0
SYNTHETIC_0252	0	0	0	0	0	0	0	0	2	2	0	0	0	0	1	0	1	1	1	1	1	1	1	0
SYNTHETIC_0253	1	0	1	1	0	1	1	1	1	0	1	0	0	0	1	1	0	0	0	0	1	0	0	0
SYNTHETIC_0254	1	0	2	1	0	0	0	0	1	1	1	0	0	1	2	1	1	0	1	0	1	1	1	1
SYNTHETIC_0255	1	0	0	1	0	1	0	2	2	1	0	0	1	0	0	1	0	0	0	0	1	0	0	1
SYNTHETIC_0256	1	0	2	1	0	2	1	0	2	1	1	1	1	0	1	0	1	0	1	0	1	0	2	1
SYNTHETIC_0257	0	0	0	1	0	1	1	0	0	0	1	0	1	1	0	1	0	0	0	0	0	0	0	1
SYNTHETIC_0258	1	0	2	0	1	1	0	1	1	1	0	0	1	0	0	1	0	2	0	1	1	0	0	1
SYNTHETIC_0259	0	0	0	1	1	0	0	2	1	1	0	1	1	0	0	1	1	1	0	1	0	0	1	1
SYNTHETIC_0260	0	0	0	1	1	0	1	2	0	1	0	1	1	0	0	1	1	1	1	0	0	0	1	1
SYNTHETIC_0261	1	0	0	0	0	0	1	1	0	0	0	1	1	1	0	2	2	0	0	0	1	0	0	0
SYNTHETIC_0262	0	0	1	1	1	1	1	1	1	1	0	0	1	0	0	0	0	1	1	1	0	0	2	1
SYNTHETIC_0263	2	0	0	1	0	1	2	2	1	1	1	0	2	2	0	1	0	0	1	1	0	0	2	1
SYNTHETIC_0264	1	1	2	1	0	1	0	2	1	1	0	0	1	1	1	1	0	0	1	1	0	1	1	0
SYNTHETIC_0265	0	0	1	2	0	1	2	1	0	1	0	0	1	1	1	0	0	0	1	2	1	0	0	0
SYNTHETIC_0266	1	0	1	0	0	0	1	0	0	0	0	0	0	0	0	1	0	0	2	0	0	1	1	1
SYNTHETIC_0267	0	0	0	1	0	0	1	0	0	1	1	1	2	0	0	0	1	1	0	1	0	0	0	0
SYNTHETIC_0268	0	0	1	0	1	0	1	2	1	0	2	0	0	1	1	0	1	0	0	1	0	0	1	1
SYNTHETIC_0269	1	0	1	1	0	1	1	0	1	0	1	0	0	1	0	0	1	1	1	1	0	0	0	0
SYNTHETIC_0270	0	1	1	1	0	0	1	1	2	1	0	1	0	1	1	1	0	1	0	0	0	1	1	0
SYNTHETIC_0271	0	1	0	1	0	0	1	0	1	1	0	0	0	0	1	1	1	1	1	0	0	1	2	0
SYNTHETIC_0272	0	0	1	1	1	1	2	1	0	0	0	0	0	1	0	0	1	1	1	0	0	1	0	1
SYNTHETIC_0273	1	0	0	1	1	1	1	1	1	0	1	1	0	1	0	0	1	0	1	1	0	0	1	0
SYNTHETIC_0274	1	0	0	1	0	0	1	0	1	2	0	2	2	0	1	1	1	0	0	0	1	0	0	1
SYNTHETIC_0275	2	2	0	0	1	1	0	1	0	0	1	0	0	1	2	1	0	1	1	0	1	0	0	0
SYNTHETIC_0276	1	1	2	1	0	1	1	0	1	0	0	0	1	1	1	1	0	0	0	0	0	1	1	0
SYNTHETIC_0277	0	0	2	1	1	0	0	2	2	0	0	1	0	0	1	1	0	0	0	1	1	0	0	1
SYNTHETIC_0278	0	1	0	1	0	1	1	1	0	2	1	0	1	0	1	1	2	0	1	1	0	2	0	0
SYNTHETIC_0279	0	0	0	2	0	0	2	0	2	0	1	0	1	0	0	1	1	1	1	0	0	1	0	0
SYNTHETIC_0280	0	1	1	2	0	1	0	2	0	0	1	0	0	0	0	0	0	0	2	0	0	1	1	0
SYNTHETIC_0281	0	0	2	0	1	1	1	2	0	1	1	0	0	0	0	1	1	0	0	0	0	0	1	0
SYNTHETIC_0282	0	0	1	0	1	0	0	1	2	1	0	0	0	0	0	0	0	0	1	1	0	0	1	1
SYNTHETIC_0283	1	0	0	1	1	1	0	1	2	1	0	0	1	1	1	2	0	0	0	0	1	0	2	1
SYNTHETIC_0284	0	1	0	0	1	0	0	2	1	0	0	0	0	0	0	1	0	0	0	1	0	0	1	0
SYNTHETIC_0285	1	0	0	1	0	1	0	0	0	0	0	0	0	1	1	1	1	0	0	0	0	0	0	0
SYNTHETIC_0286	1	1	2	0	0	1	1	1	0	1	1	0	0	0	0	0	0	1	1	0	1	0	1	0
SYNTHETIC_0287	2	0	1	2	0	1	0	2	1	0	0	1	0	0	1	1	0	0	0	2	1	1	0	0
SYNTHETIC_0288	0	0	0	0	2	0	0	0	1	0	0	1	1	0	0	0	0	1	0	0	1	0	1	1
SYNTHETIC_0289	0	0	2	2	0	0	1	2	1	1	0	1	0	0	0	0	0	1	1	1	0	0	0	1
SYNTHETIC_0290	0	0	0	0	0	1	0	1	2	0	0	0	2	1	0	0	0	1	1	0	0	0	0	2
SYNTHETIC_0291	0	0	1	1	0	2	0	0	1	0	0	1	0	1	1	0	0	0	1	1	1	0	0	1
SYNTHETIC_0292	0	1	1	1	0	0	0	1	0	0	1	0	1	0	1	1	0	1	1	0	0	1	1	0
SYNTHETIC_0293	0	0	0	0	1	1	0	1	1	0	0	0	1	0	0	1	0	0	1	0	0	0	1	1
SYNTHETIC_0294	0	0	1	2	0	0	0	1	0	0	1	0	2	0	1	0	2	0	0	0	1	0	1	2
SYNTHETIC_0295	1	0	1	0	1	0	0	1	0	0	1	2	1	0	1	0	1	0	2	2	0	0	0	0
SYNTHETIC_0296	1	0	1	1	1	0	2	1	2	1	1	1	1	0	1	1	1	0	0	0	1	0	0	0
SYNTHETIC_0297	0	1	1	0	0	1	2	1	1	0	1	0	0	0	0	0	1	2	2	0	1	1	1	1
SYNTHETIC_0298	0	1	1	1	1	1	1	1	1	0	1	0	1	1	1	1	0	1	1	0	0	0	0	0
SYNTHETIC_0299	2	1	1	1	1	1	2	2	0	1	0	0	0	0	0	1	0	0	1	0	0	0	2	0
SYNTHETIC_0300	0	0	0	1	0	1	1	0	1	1	0	0	1	1	1	1	1	0	1	0	0	0	1	0
SYNTHETIC_0301	0	0	0	1	1	1	1	0	0	1	1	1	1	0	0	2	0	0	1	0	0	0	1	0
SYNTHETIC_0302	0	0	1	0	1	1	1	1	2	0	1	1	0	0	0	1	1	0	0	0	1	0	0	1
SYNTHETIC_0303	0	0	1	1	1	0	1	2	1	0	1	0	1	0	2	1	0	2	1	0	0	0	1	1
SYNTHETIC_0304	1	1	0	0	0	1	0	0	1	1	0	1	1	1	2	1	1	1	0	1	1	0	0	1
SYNTHETIC_0305	1	1	0	1	0	0	0	1	0	0	0	0	0	0	1	1	1	1	0	1	0	1	2	0
SYNTHETIC_0306	1	0	1	0	0	1	1	0	1	0	0	1	2	2	1	0	0	1	1	0	0	0	0	0
SYNTHETIC_0307	1	0	1	1	1	0	0	0	0	0	1	0	1	1	0	0	1	0	0	0	1	0	1	1
SYNTHETIC_0308	0	0	1	0	1	0	1	0	0	0	0	1	0	0	1	1	0	2	1	0	0	0	0	0
SYNTHETIC_0309	1	0	0	2	0	1	0	1	2	1	1	1	1	0	2	1	1	0	0	0	0	0	1	1
SYNTHETIC_0310	1	0	1	0	0	0	1	1	1	0	2	0	1	0	2	1	2	0	1	0	0	1	1	1
SYNTHETIC_0311	0	0	1	1	1	1	0	0	1	1	1	0	0	0	0	1	0	0	0	0	1	0	0	1
SYNTHETIC_0312	0	0	2	2	1	0	1	1	1	1	0	0	1	0	0	1	1	0	0	0	0	1	1	0
SYNTHETIC_0313	0	0	1	0	0	2	1	1	1	0	1	1	1	0	1	1	2	1	1	0	1	2	1	1
SYNTHETIC_0314	1	0	1	0	0	0	0	1	1	1	1	0	1	0	1	0	2	2	1	1	0	0	0	1
SYNTHETIC_0315	0	0	0	1	0	2	0	1	1	1	2	0	0	0	0	1	0	1	1	0	2	0	0	0
SYNTHETIC_0316	0	0	0	0	0	1	1	1	2	0	0	0	1	1	2	0	1	1	1	1	1	0	1	1
SYNTHETIC_0317	1	0	0	0	1	0	0	0	1	1	0	0	1	1	0	0	1	1	0	1	1	0	0	1
SYNTHETIC_0318	0	0	0	1	1	0	0	1	0	0	0	0	1	0	0	0	1	0	2	1	0	0	2	1
SYNTHETIC_0319	0	0	1	0	0	0	0	1	1	0	0	1	0	1	0	1	0	2	1	0	1	0	1	0
SYNTHETIC_0320	0	0	2	0	0	0	0	2	1	0	1	0	0	1	1	1	1	1	1	1	0	1	1	0
