Variant	Effect_Allele	Other_Allele	Effect_Allele_Frequency
SYNTH_chr1_100000_A_G	G	A	0.11262151420477232
SYNTH_chr1_101000_A_G	G	A	0.3677421161187432
SYNTH_chr1_102000_A_G	G	A	0.3556471577421446
SYNTH_chr1_103000_A_G	G	A	0.14919442953685905
SYNTH_chr1_104000_A_G	G	A	0.2426687830513781
SYNTH_chr1_105000_A_G	G	A	0.12116884084726252
SYNTH_chr1_106000_A_G	G	A	0.21321034205738634
SYNTH_chr1_107000_A_G	G	A	0.1696845440731408
SYNTH_chr1_108000_A_G	G	A	0.14059452227293578
SYNTH_chr1_109000_A_G	G	A	0.41949226005840756
SYNTH_chr1_110000_A_G	G	A	0.1369828462589409
SYNTH_chr1_111000_A_G	G	A	0.3204129573419686
SYNTH_chr1_112000_A_G	G	A	0.1674088566900044
SYNTH_chr1_113000_A_G	G	A	0.3829605024680249
SYNTH_chr1_114000_A_G	G	A	0.2833036164194409
SYNTH_chr1_115000_A_G	G	A	0.1719481339692016
SYNTH_chr1_116000_A_G	G	A	0.38210629949029745
SYNTH_chr1_117000_A_G	G	A	0.3064384257243725
SYNTH_chr1_118000_A_G	G	A	0.15933533501502598
SYNTH_chr1_119000_A_G	G	A	0.3218532022157877
SYNTH_chr1_120000_A_G	G	A	0.20390435685827038
SYNTH_chr1_121000_A_G	G	A	0.2129920547951348
SYNTH_chr1_122000_A_G	G	A	0.381304613687799
SYNTH_chr1_123000_A_G	G	A	0.40241860726774736
